attack_type,bytes,dst_ip,dst_port,flags,id,label,payload,protocol,src_ip,src_port,timestamp
,1423,10.20.0.10,5432,"SYN,ACK,FIN",4438b82a,normal,SELECT * FROM ledger WHERE id=?,TCP,41.203.7.144,24076,2026-03-02T09:00:05.306475
,3568,10.20.0.10,443,"SYN,ACK,FIN",eb99f8e7,normal,GET /api/v1/transactions HTTP/1.1,TCP,41.203.71.63,28552,2026-03-02T09:00:11.386935
,3078,10.20.0.10,443,"SYN,ACK,FIN",c1ad4656,normal,GET /api/v1/transactions HTTP/1.1,TCP,41.203.88.72,18933,2026-03-02T09:00:26.057863
,741,10.20.0.10,22,"SYN,ACK,FIN",a7f0fe19,normal,SSH-2.0-OpenSSH_login_success,TCP,10.20.0.5,5430,2026-03-02T09:00:31.319069
,379,10.20.0.10,5432,"SYN,ACK,FIN",85896388,normal,SELECT * FROM ledger WHERE id=?,TCP,41.203.71.63,14235,2026-03-02T09:00:33.285411
,2137,10.20.0.10,5432,"SYN,ACK,FIN",0a9b829a,normal,SELECT * FROM ledger WHERE id=?,TCP,41.203.246.196,49828,2026-03-02T09:00:39.282569
,1586,10.20.0.10,443,"SYN,ACK,FIN",e2b833c4,normal,GET /api/v1/transactions HTTP/1.1,TCP,41.203.56.60,36807,2026-03-02T09:00:39.902119
,2817,10.20.0.10,443,"SYN,ACK,FIN",8aca785e,normal,GET /api/v1/transactions HTTP/1.1,TCP,41.203.8.24,28537,2026-03-02T09:00:42.974502
,3957,10.20.0.10,5432,"SYN,ACK,FIN",f906877c,normal,SELECT * FROM ledger WHERE id=?,TCP,41.203.88.72,17355,2026-03-02T09:00:45.196547
,1540,10.20.0.10,443,"SYN,ACK,FIN",18dccf89,normal,GET /api/v1/transactions HTTP/1.1,TCP,41.203.167.180,25868,2026-03-02T09:00:45.256170
,1197,10.20.0.10,443,"SYN,ACK,FIN",776b12ff,normal,GET /api/v1/transactions HTTP/1.1,TCP,41.203.207.41,22880,2026-03-02T09:00:45.520660
,2523,10.20.0.10,443,"SYN,ACK,FIN",5d6ff194,normal,GET /api/v1/transactions HTTP/1.1,TCP,41.203.8.24,58565,2026-03-02T09:00:52.132650
,977,10.20.0.10,443,"SYN,ACK,FIN",78d3f064,normal,GET /api/v1/transactions HTTP/1.1,TCP,41.203.130.155,19104,2026-03-02T09:00:54.495080
,1589,10.20.0.10,443,"SYN,ACK,FIN",175b368e,normal,GET /api/v1/transactions HTTP/1.1,TCP,41.203.7.190,48748,2026-03-02T09:00:54.551407
,3907,10.20.0.10,5432,"SYN,ACK,FIN",1d39421e,normal,SELECT * FROM ledger WHERE id=?,TCP,41.203.2.195,55857,2026-03-02T09:00:56.526436
,2485,10.20.0.10,443,"SYN,ACK,FIN",424a3aff,normal,GET /api/v1/transactions HTTP/1.1,TCP,41.203.7.190,7217,2026-03-02T09:00:59.320669
,2786,10.20.0.10,5432,"SYN,ACK,FIN",932a5f51,normal,SELECT * FROM ledger WHERE id=?,TCP,41.203.189.27,30004,2026-03-02T09:01:01.457633
,2470,10.20.0.10,443,"SYN,ACK,FIN",1fb37ed3,normal,GET /api/v1/transactions HTTP/1.1,TCP,41.203.189.27,51169,2026-03-02T09:01:01.749138
,1615,10.20.0.10,443,"SYN,ACK,FIN",7713c16d,normal,GET /api/v1/transactions HTTP/1.1,TCP,41.203.8.24,62970,2026-03-02T09:01:06.475710
,1863,10.20.0.10,443,"SYN,ACK,FIN",e13a5988,normal,GET /api/v1/transactions HTTP/1.1,TCP,41.203.207.41,42804,2026-03-02T09:01:07.537048
,3703,10.20.0.10,443,"SYN,ACK,FIN",b9cf5cf8,normal,GET /api/v1/transactions HTTP/1.1,TCP,41.203.130.155,57663,2026-03-02T09:01:09.057901
,3843,10.20.0.10,5432,"SYN,ACK,FIN",e9bb87d6,normal,SELECT * FROM ledger WHERE id=?,TCP,41.203.140.108,3636,2026-03-02T09:01:12.397667
,755,10.20.0.10,443,"SYN,ACK,FIN",189c7f6d,normal,GET /api/v1/transactions HTTP/1.1,TCP,41.203.179.109,29113,2026-03-02T09:01:15.552716
,257,10.20.0.10,443,"SYN,ACK,FIN",25d16f89,normal,GET /api/v1/transactions HTTP/1.1,TCP,41.203.7.144,26882,2026-03-02T09:01:21.272588
,581,10.20.0.10,443,"SYN,ACK,FIN",65c4c013,normal,GET /api/v1/transactions HTTP/1.1,TCP,41.203.140.108,6618,2026-03-02T09:01:22.102310
,2828,10.20.0.10,5432,"SYN,ACK,FIN",afc0169d,normal,SELECT * FROM ledger WHERE id=?,TCP,41.203.58.36,14924,2026-03-02T09:01:22.506081
,1081,10.20.0.10,443,"SYN,ACK,FIN",78758bcc,normal,GET /api/v1/transactions HTTP/1.1,TCP,41.203.189.27,35789,2026-03-02T09:01:22.581915
,1670,10.20.0.10,443,"SYN,ACK,FIN",9b501f71,normal,GET /api/v1/transactions HTTP/1.1,TCP,41.203.56.60,7362,2026-03-02T09:01:23.471259
,3939,10.20.0.10,5432,"SYN,ACK,FIN",c1519778,normal,SELECT * FROM ledger WHERE id=?,TCP,41.203.164.29,56166,2026-03-02T09:01:23.888281
,3276,10.20.0.10,443,"SYN,ACK,FIN",41cd683a,normal,GET /api/v1/transactions HTTP/1.1,TCP,41.203.179.109,63414,2026-03-02T09:01:24.048480
,1965,10.20.0.10,443,"SYN,ACK,FIN",0dfb4528,normal,GET /api/v1/transactions HTTP/1.1,TCP,41.203.51.184,44211,2026-03-02T09:01:24.893217
,1435,10.20.0.10,443,"SYN,ACK,FIN",676e5cde,normal,GET /api/v1/transactions HTTP/1.1,TCP,41.203.208.223,51649,2026-03-02T09:01:31.711175
,2551,10.20.0.10,5432,"SYN,ACK,FIN",c79dc5b0,normal,SELECT * FROM ledger WHERE id=?,TCP,41.203.246.196,1827,2026-03-02T09:01:32.328882
port_scan,51,10.20.0.10,1260,SYN,ae82b62c,attack,,TCP,185.220.101.7,53039,2026-03-02T09:01:40
,1173,10.20.0.10,5432,"SYN,ACK,FIN",cb25aaf6,normal,SELECT * FROM ledger WHERE id=?,TCP,41.203.151.72,19905,2026-03-02T09:01:40.068174
port_scan,47,10.20.0.10,9404,SYN,23033550,attack,,TCP,185.220.101.7,34365,2026-03-02T09:01:40.150000
port_scan,46,10.20.0.10,2256,SYN,d2397488,attack,,TCP,185.220.101.7,8977,2026-03-02T09:01:40.300000
port_scan,44,10.20.0.10,8675,SYN,709e4137,attack,,TCP,185.220.101.7,52932,2026-03-02T09:01:40.450000
port_scan,55,10.20.0.10,6013,SYN,5a661639,attack,,TCP,185.220.101.7,16538,2026-03-02T09:01:40.600000
,3817,10.20.0.10,443,"SYN,ACK,FIN",e1822b49,normal,GET /api/v1/transactions HTTP/1.1,TCP,41.203.51.184,62958,2026-03-02T09:01:40.686493
port_scan,51,10.20.0.10,6522,SYN,0c24afea,attack,,TCP,185.220.101.7,2746,2026-03-02T09:01:40.750000
port_scan,58,10.20.0.10,5151,SYN,070531d4,attack,,TCP,185.220.101.7,37332,2026-03-02T09:01:40.900000
port_scan,54,10.20.0.10,4567,SYN,5521fda9,attack,,TCP,185.220.101.7,25200,2026-03-02T09:01:41.050000
port_scan,57,10.20.0.10,4090,SYN,176e85dc,attack,,TCP,185.220.101.7,53692,2026-03-02T09:01:41.200000
port_scan,59,10.20.0.10,1859,SYN,ae3dc168,attack,,TCP,185.220.101.7,9528,2026-03-02T09:01:41.350000
port_scan,42,10.20.0.10,425,SYN,04b4fc39,attack,,TCP,185.220.101.7,58973,2026-03-02T09:01:41.500000
port_scan,49,10.20.0.10,3049,SYN,95f92579,attack,,TCP,185.220.101.7,5332,2026-03-02T09:01:41.650000
port_scan,55,10.20.0.10,8177,SYN,c760c311,attack,,TCP,185.220.101.7,27117,2026-03-02T09:01:41.800000
port_scan,53,10.20.0.10,8483,SYN,8312c8b6,attack,,TCP,185.220.101.7,35475,2026-03-02T09:01:41.950000
port_scan,53,10.20.0.10,6341,SYN,7c615fa5,attack,,TCP,185.220.101.7,51431,2026-03-02T09:01:42.100000
port_scan,58,10.20.0.10,9203,SYN,dfc582ee,attack,,TCP,185.220.101.7,54982,2026-03-02T09:01:42.250000
port_scan,44,10.20.0.10,1930,SYN,00408f9a,attack,,TCP,185.220.101.7,5857,2026-03-02T09:01:42.400000
port_scan,50,10.20.0.10,4289,SYN,c1a85939,attack,,TCP,185.220.101.7,64749,2026-03-02T09:01:42.550000
port_scan,42,10.20.0.10,4265,SYN,6442c979,attack,,TCP,185.220.101.7,43120,2026-03-02T09:01:42.700000
port_scan,54,10.20.0.10,7312,SYN,d56da289,attack,,TCP,185.220.101.7,30513,2026-03-02T09:01:42.850000
port_scan,56,10.20.0.10,3516,SYN,d3365551,attack,,TCP,185.220.101.7,45595,2026-03-02T09:01:43
port_scan,44,10.20.0.10,4679,SYN,2a5d1dec,attack,,TCP,185.220.101.7,23602,2026-03-02T09:01:43.150000
port_scan,57,10.20.0.10,8048,SYN,921cd359,attack,,TCP,185.220.101.7,58561,2026-03-02T09:01:43.300000
port_scan,58,10.20.0.10,3280,SYN,0a691778,attack,,TCP,185.220.101.7,42953,2026-03-02T09:01:43.450000
port_scan,44,10.20.0.10,2010,SYN,f5f495b3,attack,,TCP,185.220.101.7,12949,2026-03-02T09:01:43.600000
,1530,10.20.0.10,443,"SYN,ACK,FIN",2f8bc708,normal,GET /api/v1/transactions HTTP/1.1,TCP,41.203.51.184,2390,2026-03-02T09:01:43.656035
port_scan,56,10.20.0.10,2224,SYN,ca55da5b,attack,,TCP,185.220.101.7,29376,2026-03-02T09:01:43.750000
port_scan,41,10.20.0.10,1214,SYN,0eff5105,attack,,TCP,185.220.101.7,60708,2026-03-02T09:01:43.900000
port_scan,43,10.20.0.10,7407,SYN,5dda7dd9,attack,,TCP,185.220.101.7,55510,2026-03-02T09:01:44.050000
port_scan,44,10.20.0.10,2829,SYN,1805532e,attack,,TCP,185.220.101.7,34978,2026-03-02T09:01:44.200000
port_scan,45,10.20.0.10,7293,SYN,8af96e6a,attack,,TCP,185.220.101.7,20955,2026-03-02T09:01:44.350000
port_scan,50,10.20.0.10,1439,SYN,d3b222a0,attack,,TCP,185.220.101.7,11638,2026-03-02T09:01:44.500000
,3834,10.20.0.10,5432,"SYN,ACK,FIN",311ac4be,normal,SELECT * FROM ledger WHERE id=?,TCP,41.203.8.24,16411,2026-03-02T09:01:44.508433
port_scan,47,10.20.0.10,5237,SYN,e1c69a78,attack,,TCP,185.220.101.7,62282,2026-03-02T09:01:44.650000
port_scan,56,10.20.0.10,5693,SYN,20302782,attack,,TCP,185.220.101.7,23700,2026-03-02T09:01:44.800000
port_scan,49,10.20.0.10,1064,SYN,1750434d,attack,,TCP,185.220.101.7,59673,2026-03-02T09:01:44.950000
port_scan,42,10.20.0.10,9012,SYN,c16b326c,attack,,TCP,185.220.101.7,56463,2026-03-02T09:01:45.100000
port_scan,46,10.20.0.10,8883,SYN,1d85f0d6,attack,,TCP,185.220.101.7,17447,2026-03-02T09:01:45.250000
port_scan,57,10.20.0.10,4758,SYN,d87054ea,attack,,TCP,185.220.101.7,42643,2026-03-02T09:01:45.400000
port_scan,44,10.20.0.10,4915,SYN,8e97f2cc,attack,,TCP,185.220.101.7,19010,2026-03-02T09:01:45.550000
port_scan,49,10.20.0.10,2581,SYN,7a41109c,attack,,TCP,185.220.101.7,41985,2026-03-02T09:01:45.700000
port_scan,57,10.20.0.10,2853,SYN,fd34242f,attack,,TCP,185.220.101.7,41291,2026-03-02T09:01:45.850000
,2533,10.20.0.10,5432,"SYN,ACK,FIN",a762d99a,normal,SELECT * FROM ledger WHERE id=?,TCP,41.203.23.152,59369,2026-03-02T09:01:47.897953
,1492,10.20.0.10,443,"SYN,ACK,FIN",43b47b58,normal,GET /api/v1/transactions HTTP/1.1,TCP,41.203.109.9,13645,2026-03-02T09:01:48.590296
,2780,10.20.0.10,5432,"SYN,ACK,FIN",a6b19a2d,normal,SELECT * FROM ledger WHERE id=?,TCP,41.203.167.180,64800,2026-03-02T09:01:49.283475
,2451,10.20.0.10,443,"SYN,ACK,FIN",1be956fc,normal,GET /api/v1/transactions HTTP/1.1,TCP,41.203.246.196,32172,2026-03-02T09:01:55.552318
,547,10.20.0.10,5432,"SYN,ACK,FIN",d53e5f2f,normal,SELECT * FROM ledger WHERE id=?,TCP,41.203.179.109,47478,2026-03-02T09:01:56.056492
,2934,10.20.0.10,5432,"SYN,ACK,FIN",74c915ab,normal,SELECT * FROM ledger WHERE id=?,TCP,41.203.58.36,31474,2026-03-02T09:02:00.005195
,1768,10.20.0.10,443,"SYN,ACK,FIN",7ccb31b5,normal,GET /api/v1/transactions HTTP/1.1,TCP,41.203.151.72,16179,2026-03-02T09:02:04.536655
,352,10.20.0.10,443,"SYN,ACK,FIN",798c1c1e,normal,GET /api/v1/transactions HTTP/1.1,TCP,41.203.51.184,63038,2026-03-02T09:02:05.799311
,1210,10.20.0.10,5432,"SYN,ACK,FIN",d067e9f1,normal,SELECT * FROM ledger WHERE id=?,TCP,41.203.207.41,10174,2026-03-02T09:02:08.584431
,222,10.20.0.10,443,"SYN,ACK,FIN",8e0f7f48,normal,GET /api/v1/transactions HTTP/1.1,TCP,41.203.7.144,46088,2026-03-02T09:02:12.814211
,2505,10.20.0.10,443,"SYN,ACK,FIN",4cabd184,normal,GET /api/v1/transactions HTTP/1.1,TCP,41.203.179.109,54183,2026-03-02T09:02:16.554306
,861,10.20.0.10,443,"SYN,ACK,FIN",691cb5f4,normal,GET /api/v1/transactions HTTP/1.1,TCP,41.203.207.41,50995,2026-03-02T09:02:17.555342
,1091,10.20.0.10,5432,"SYN,ACK,FIN",273e53e1,normal,SELECT * FROM ledger WHERE id=?,TCP,41.203.151.72,20469,2026-03-02T09:02:19.317143
,2730,10.20.0.10,443,"SYN,ACK,FIN",9faa5fe7,normal,GET /api/v1/transactions HTTP/1.1,TCP,41.203.71.63,50466,2026-03-02T09:02:20.021913
,2045,10.20.0.10,443,"SYN,ACK,FIN",a3ae5c68,normal,GET /api/v1/transactions HTTP/1.1,TCP,41.203.174.190,27796,2026-03-02T09:02:20.879354
,3157,10.20.0.10,5432,"SYN,ACK,FIN",d68f8682,normal,SELECT * FROM ledger WHERE id=?,TCP,41.203.8.24,1236,2026-03-02T09:02:22.341979
,1305,10.20.0.10,443,"SYN,ACK,FIN",7638206a,normal,GET /api/v1/transactions HTTP/1.1,TCP,41.203.40.56,25891,2026-03-02T09:02:27.062244
,1799,10.20.0.10,443,"SYN,ACK,FIN",21c29af1,normal,GET /api/v1/transactions HTTP/1.1,TCP,41.203.7.144,1165,2026-03-02T09:02:28.173409
,2637,10.20.0.10,443,"SYN,ACK,FIN",60482186,normal,GET /api/v1/transactions HTTP/1.1,TCP,41.203.71.63,21183,2026-03-02T09:02:29.330510
,2696,10.20.0.10,443,"SYN,ACK,FIN",f46028f9,normal,GET /api/v1/transactions HTTP/1.1,TCP,41.203.51.184,6199,2026-03-02T09:02:32.985284
,719,10.20.0.10,443,"SYN,ACK,FIN",1ac3ce2b,normal,GET /api/v1/transactions HTTP/1.1,TCP,41.203.56.60,4458,2026-03-02T09:02:36.821581
,2381,10.20.0.10,5432,"SYN,ACK,FIN",c71c2b0d,normal,SELECT * FROM ledger WHERE id=?,TCP,41.203.140.108,25941,2026-03-02T09:02:38.125322
,2772,10.20.0.10,443,"SYN,ACK,FIN",dbbde08f,normal,GET /api/v1/transactions HTTP/1.1,TCP,41.203.207.41,51673,2026-03-02T09:02:39.431516
,1223,10.20.0.10,5432,"SYN,ACK,FIN",67d514bd,normal,SELECT * FROM ledger WHERE id=?,TCP,41.203.189.27,31342,2026-03-02T09:02:45.139232
,2183,10.20.0.10,443,"SYN,ACK,FIN",512ac05f,normal,GET /api/v1/transactions HTTP/1.1,TCP,41.203.58.36,49429,2026-03-02T09:02:52.386876
,2037,10.20.0.10,443,"SYN,ACK,FIN",8f73f9f9,normal,GET /api/v1/transactions HTTP/1.1,TCP,41.203.58.36,36170,2026-03-02T09:02:52.431065
,834,10.20.0.10,5432,"SYN,ACK,FIN",976baa3b,normal,SELECT * FROM ledger WHERE id=?,TCP,41.203.56.60,10039,2026-03-02T09:02:52.804710
,2575,10.20.0.10,443,"SYN,ACK,FIN",abef92f0,normal,GET /api/v1/transactions HTTP/1.1,TCP,41.203.8.24,52519,2026-03-02T09:03:09.164416
,1820,10.20.0.10,443,"SYN,ACK,FIN",b20aa619,normal,GET /api/v1/transactions HTTP/1.1,TCP,41.203.208.223,33741,2026-03-02T09:03:11.363890
,888,10.20.0.10,443,"SYN,ACK,FIN",85c0e4f2,normal,GET /api/v1/transactions HTTP/1.1,TCP,41.203.8.24,52084,2026-03-02T09:03:19.414853
,991,10.20.0.10,443,"SYN,ACK,FIN",0b7d1580,normal,GET /api/v1/transactions HTTP/1.1,TCP,41.203.8.24,44279,2026-03-02T09:03:20.631192
,3399,10.20.0.10,443,"SYN,ACK,FIN",2ea7f21a,normal,GET /api/v1/transactions HTTP/1.1,TCP,41.203.7.190,5520,2026-03-02T09:03:21.799949
,803,10.20.0.10,443,"SYN,ACK,FIN",bbd64798,normal,GET /api/v1/transactions HTTP/1.1,TCP,41.203.23.152,14074,2026-03-02T09:03:22.176599
,286,10.20.0.10,443,"SYN,ACK,FIN",732ebd4d,normal,GET /api/v1/transactions HTTP/1.1,TCP,41.203.58.36,23180,2026-03-02T09:03:22.227603
,328,10.20.0.10,443,"SYN,ACK,FIN",384d70cd,normal,GET /api/v1/transactions HTTP/1.1,TCP,41.203.88.72,60361,2026-03-02T09:03:26.047605
,3497,10.20.0.10,443,"SYN,ACK,FIN",57baa889,normal,GET /api/v1/transactions HTTP/1.1,TCP,41.203.246.196,3127,2026-03-02T09:03:26.143265
,1467,10.20.0.10,5432,"SYN,ACK,FIN",6517f413,normal,SELECT * FROM ledger WHERE id=?,TCP,41.203.246.196,16698,2026-03-02T09:03:30.602650
,1735,10.20.0.10,443,"SYN,ACK,FIN",197b624e,normal,GET /api/v1/transactions HTTP/1.1,TCP,41.203.7.144,6372,2026-03-02T09:03:32.200266
,1248,10.20.0.10,443,"SYN,ACK,FIN",4ee1eb01,normal,GET /api/v1/transactions HTTP/1.1,TCP,41.203.207.41,10621,2026-03-02T09:03:32.641964
,1670,10.20.0.10,443,"SYN,ACK,FIN",290a6812,normal,GET /api/v1/transactions HTTP/1.1,TCP,41.203.140.108,38505,2026-03-02T09:03:33.485132
,736,10.20.0.10,443,"SYN,ACK,FIN",25774420,normal,GET /api/v1/transactions HTTP/1.1,TCP,41.203.88.72,26962,2026-03-02T09:03:34.817357
,3507,10.20.0.10,5432,"SYN,ACK,FIN",b7a7bd61,normal,SELECT * FROM ledger WHERE id=?,TCP,41.203.208.223,32020,2026-03-02T09:03:38.697518
,2703,10.20.0.10,443,"SYN,ACK,FIN",6fc872f4,normal,GET /api/v1/transactions HTTP/1.1,TCP,41.203.164.29,32162,2026-03-02T09:03:40.358290
,2849,10.20.0.10,5432,"SYN,ACK,FIN",8610aaa1,normal,SELECT * FROM ledger WHERE id=?,TCP,41.203.7.144,50391,2026-03-02T09:03:47.982389
,812,10.20.0.10,443,"SYN,ACK,FIN",b2581de5,normal,GET /api/v1/transactions HTTP/1.1,TCP,41.203.71.63,55744,2026-03-02T09:03:50.331536
,3072,10.20.0.10,443,"SYN,ACK,FIN",3ecbdc3d,normal,GET /api/v1/transactions HTTP/1.1,TCP,41.203.179.109,52625,2026-03-02T09:04:00.125139
,3940,10.20.0.10,5432,"SYN,ACK,FIN",85282eba,normal,SELECT * FROM ledger WHERE id=?,TCP,41.203.56.60,14850,2026-03-02T09:04:00.966788
,3857,10.20.0.10,443,"SYN,ACK,FIN",931388e8,normal,GET /api/v1/transactions HTTP/1.1,TCP,41.203.8.24,21976,2026-03-02T09:04:04.543596
,1936,10.20.0.10,443,"SYN,ACK,FIN",9202db88,normal,GET /api/v1/transactions HTTP/1.1,TCP,41.203.7.190,44404,2026-03-02T09:04:04.892559
,1707,10.20.0.10,443,"SYN,ACK,FIN",c58bbe7b,normal,GET /api/v1/transactions HTTP/1.1,TCP,41.203.207.41,53409,2026-03-02T09:04:05.894946
,423,10.20.0.10,443,"SYN,ACK,FIN",1d9bc2d5,normal,GET /api/v1/transactions HTTP/1.1,TCP,41.203.88.72,64875,2026-03-02T09:04:06.880194
,3743,10.20.0.10,5432,"SYN,ACK,FIN",67d05506,normal,SELECT * FROM ledger WHERE id=?,TCP,41.203.179.109,38112,2026-03-02T09:04:07.032342
,3122,10.20.0.10,443,"SYN,ACK,FIN",7ff2b95e,normal,GET /api/v1/transactions HTTP/1.1,TCP,41.203.207.41,6101,2026-03-02T09:04:07.137702
,3616,10.20.0.10,5432,"SYN,ACK,FIN",734b94be,normal,SELECT * FROM ledger WHERE id=?,TCP,41.203.58.36,42684,2026-03-02T09:04:10.176243
,3367,10.20.0.10,443,"SYN,ACK,FIN",7914b185,normal,GET /api/v1/transactions HTTP/1.1,TCP,41.203.7.144,5573,2026-03-02T09:04:10.742755
,3072,10.20.0.10,443,"SYN,ACK,FIN",20dfe96f,normal,GET /api/v1/transactions HTTP/1.1,TCP,41.203.109.9,40093,2026-03-02T09:04:11.692639
,3688,10.20.0.10,5432,"SYN,ACK,FIN",1a26b155,normal,SELECT * FROM ledger WHERE id=?,TCP,41.203.179.109,48454,2026-03-02T09:04:15.732276
,856,10.20.0.10,443,"SYN,ACK,FIN",84a91c16,normal,GET /api/v1/transactions HTTP/1.1,TCP,41.203.57.115,51035,2026-03-02T09:04:16.556713
,3192,10.20.0.10,5432,"SYN,ACK,FIN",325bf37c,normal,SELECT * FROM ledger WHERE id=?,TCP,41.203.109.9,46675,2026-03-02T09:04:16.724306
,231,10.20.0.10,443,"SYN,ACK,FIN",5f471ed1,normal,GET /api/v1/transactions HTTP/1.1,TCP,41.203.246.196,8887,2026-03-02T09:04:20.502418
,1380,10.20.0.10,5432,"SYN,ACK,FIN",7f3bd917,normal,SELECT * FROM ledger WHERE id=?,TCP,41.203.88.72,16194,2026-03-02T09:04:22.133360
,2718,10.20.0.10,443,"SYN,ACK,FIN",f22bd3e3,normal,GET /api/v1/transactions HTTP/1.1,TCP,41.203.88.72,1126,2026-03-02T09:04:22.144789
,3033,10.20.0.10,443,"SYN,ACK,FIN",d85d45c3,normal,GET /api/v1/transactions HTTP/1.1,TCP,41.203.164.29,27526,2026-03-02T09:04:24.812023
,446,10.20.0.10,5432,"SYN,ACK,FIN",0e0fe786,normal,SELECT * FROM ledger WHERE id=?,TCP,41.203.208.223,41723,2026-03-02T09:04:34.842220
,3139,10.20.0.10,443,"SYN,ACK,FIN",03dea79f,normal,GET /api/v1/transactions HTTP/1.1,TCP,41.203.179.109,40517,2026-03-02T09:04:35.846270
,336,10.20.0.10,443,"SYN,ACK,FIN",617ce41d,normal,GET /api/v1/transactions HTTP/1.1,TCP,41.203.207.41,29913,2026-03-02T09:04:38.039596
,3060,10.20.0.10,443,"SYN,ACK,FIN",57f64545,normal,GET /api/v1/transactions HTTP/1.1,TCP,41.203.189.27,44019,2026-03-02T09:04:39.208564
,2924,10.20.0.10,443,"SYN,ACK,FIN",317a8eb8,normal,GET /api/v1/transactions HTTP/1.1,TCP,41.203.40.56,21505,2026-03-02T09:04:41.293515
,674,10.20.0.10,443,"SYN,ACK,FIN",8a6ddd96,normal,GET /api/v1/transactions HTTP/1.1,TCP,41.203.167.180,22210,2026-03-02T09:04:43.065441
,2311,10.20.0.10,443,"SYN,ACK,FIN",cec8dbf2,normal,GET /api/v1/transactions HTTP/1.1,TCP,41.203.229.140,21345,2026-03-02T09:04:44.036238
,3637,10.20.0.10,443,"SYN,ACK,FIN",60de5696,normal,GET /api/v1/transactions HTTP/1.1,TCP,41.203.23.152,7517,2026-03-02T09:04:46.816388
,3713,10.20.0.10,443,"SYN,ACK,FIN",2d8fa726,normal,GET /api/v1/transactions HTTP/1.1,TCP,41.203.51.184,7879,2026-03-02T09:04:48.952430
,1543,10.20.0.10,443,"SYN,ACK,FIN",ba3dc9f2,normal,GET /api/v1/transactions HTTP/1.1,TCP,41.203.151.72,6271,2026-03-02T09:04:49.090285
,2253,10.20.0.10,443,"SYN,ACK,FIN",1b2ed7bc,normal,GET /api/v1/transactions HTTP/1.1,TCP,41.203.207.41,32194,2026-03-02T09:04:49.374087
,3602,10.20.0.10,443,"SYN,ACK,FIN",f4d1316b,normal,GET /api/v1/transactions HTTP/1.1,TCP,41.203.208.223,17112,2026-03-02T09:04:50.074125
,1401,10.20.0.10,443,"SYN,ACK,FIN",1d516f20,normal,GET /api/v1/transactions HTTP/1.1,TCP,41.203.164.29,4701,2026-03-02T09:04:51.937200
,3803,10.20.0.10,5432,"SYN,ACK,FIN",3fb0b2e2,normal,SELECT * FROM ledger WHERE id=?,TCP,41.203.229.140,50911,2026-03-02T09:04:54.161224
,2425,10.20.0.10,443,"SYN,ACK,FIN",500bf026,normal,GET /api/v1/transactions HTTP/1.1,TCP,41.203.140.108,51019,2026-03-02T09:04:59.195960
brute_force,428,10.20.0.10,22,"SYN,ACK",2bf5bd97,attack,SSH-2.0-OpenSSH_auth_failed,TCP,193.106.191.44,7146,2026-03-02T09:05:00
,2918,10.20.0.10,443,"SYN,ACK,FIN",7cd821c2,normal,GET /api/v1/transactions HTTP/1.1,TCP,41.203.179.109,39214,2026-03-02T09:05:00.025832
,2809,10.20.0.10,443,"SYN,ACK,FIN",63a24eaf,normal,GET /api/v1/transactions HTTP/1.1,TCP,41.203.7.190,9597,2026-03-02T09:05:00.200885
brute_force,343,10.20.0.10,22,"SYN,ACK",0d0588fd,attack,SSH-2.0-OpenSSH_auth_failed,TCP,193.106.191.44,43031,2026-03-02T09:05:01.200000
brute_force,448,10.20.0.10,22,"SYN,ACK",535c9a00,attack,SSH-2.0-OpenSSH_auth_failed,TCP,193.106.191.44,39808,2026-03-02T09:05:02.400000
,3685,10.20.0.10,5432,"SYN,ACK,FIN",c9083a63,normal,SELECT * FROM ledger WHERE id=?,TCP,41.203.167.180,33418,2026-03-02T09:05:02.756958
brute_force,343,10.20.0.10,22,"SYN,ACK",369cd666,attack,SSH-2.0-OpenSSH_auth_failed,TCP,193.106.191.44,11129,2026-03-02T09:05:03.600000
brute_force,459,10.20.0.10,22,"SYN,ACK",07aecddc,attack,SSH-2.0-OpenSSH_auth_failed,TCP,193.106.191.44,44194,2026-03-02T09:05:04.800000
brute_force,454,10.20.0.10,22,"SYN,ACK",20cb4c02,attack,SSH-2.0-OpenSSH_auth_failed,TCP,193.106.191.44,48251,2026-03-02T09:05:06
brute_force,444,10.20.0.10,22,"SYN,ACK",6693691c,attack,SSH-2.0-OpenSSH_auth_failed,TCP,193.106.191.44,23150,2026-03-02T09:05:07.200000
brute_force,307,10.20.0.10,22,"SYN,ACK",588adefb,attack,SSH-2.0-OpenSSH_auth_failed,TCP,193.106.191.44,3723,2026-03-02T09:05:08.400000
brute_force,311,10.20.0.10,22,"SYN,ACK",28ad71ad,attack,SSH-2.0-OpenSSH_auth_failed,TCP,193.106.191.44,6347,2026-03-02T09:05:09.600000
,1360,10.20.0.10,443,"SYN,ACK,FIN",1dc94ad0,normal,GET /api/v1/transactions HTTP/1.1,TCP,41.203.57.115,8291,2026-03-02T09:05:10.655570
brute_force,464,10.20.0.10,22,"SYN,ACK",891d5ca5,attack,SSH-2.0-OpenSSH_auth_failed,TCP,193.106.191.44,63187,2026-03-02T09:05:10.800000
,1484,10.20.0.10,5432,"SYN,ACK,FIN",6f8cbde6,normal,SELECT * FROM ledger WHERE id=?,TCP,41.203.58.36,52563,2026-03-02T09:05:11.118401
brute_force,447,10.20.0.10,22,"SYN,ACK",1434fadd,attack,SSH-2.0-OpenSSH_auth_failed,TCP,193.106.191.44,51553,2026-03-02T09:05:12
brute_force,466,10.20.0.10,22,"SYN,ACK",9eff786e,attack,SSH-2.0-OpenSSH_auth_failed,TCP,193.106.191.44,18368,2026-03-02T09:05:13.200000
brute_force,496,10.20.0.10,22,"SYN,ACK",a915cfcb,attack,SSH-2.0-OpenSSH_auth_failed,TCP,193.106.191.44,14839,2026-03-02T09:05:14.400000
brute_force,406,10.20.0.10,22,"SYN,ACK",e41e5839,attack,SSH-2.0-OpenSSH_auth_failed,TCP,193.106.191.44,38519,2026-03-02T09:05:15.600000
,3554,10.20.0.10,443,"SYN,ACK,FIN",89d74162,normal,GET /api/v1/transactions HTTP/1.1,TCP,41.203.246.196,63822,2026-03-02T09:05:15.989761
,2278,10.20.0.10,443,"SYN,ACK,FIN",031c4e59,normal,GET /api/v1/transactions HTTP/1.1,TCP,41.203.8.24,38898,2026-03-02T09:05:16.481567
brute_force,463,10.20.0.10,22,"SYN,ACK",a0cac70a,attack,SSH-2.0-OpenSSH_auth_failed,TCP,193.106.191.44,41532,2026-03-02T09:05:16.800000
,3821,10.20.0.10,443,"SYN,ACK,FIN",1dd3d343,normal,GET /api/v1/transactions HTTP/1.1,TCP,41.203.23.152,37716,2026-03-02T09:05:18.310771
,395,10.20.0.10,443,"SYN,ACK,FIN",894d9275,normal,GET /api/v1/transactions HTTP/1.1,TCP,41.203.229.140,52197,2026-03-02T09:05:21.276758
,257,10.20.0.10,443,"SYN,ACK,FIN",3c4bb311,normal,GET /api/v1/transactions HTTP/1.1,TCP,41.203.8.24,20833,2026-03-02T09:05:24.792962
,2287,10.20.0.10,5432,"SYN,ACK,FIN",87bcd6ee,normal,SELECT * FROM ledger WHERE id=?,TCP,41.203.208.223,10089,2026-03-02T09:05:25.796799
,1077,10.20.0.10,443,"SYN,ACK,FIN",8619880a,normal,GET /api/v1/transactions HTTP/1.1,TCP,41.203.130.155,12837,2026-03-02T09:05:26.337902
,1358,10.20.0.10,443,"SYN,ACK,FIN",25edb537,normal,GET /api/v1/transactions HTTP/1.1,TCP,41.203.2.195,61181,2026-03-02T09:05:27.508164
,2920,10.20.0.10,443,"SYN,ACK,FIN",96c58d8d,normal,GET /api/v1/transactions HTTP/1.1,TCP,41.203.151.72,5609,2026-03-02T09:05:27.799325
,2536,10.20.0.10,443,"SYN,ACK,FIN",a1d77485,normal,GET /api/v1/transactions HTTP/1.1,TCP,41.203.140.108,63095,2026-03-02T09:05:31.056862
,1994,10.20.0.10,443,"SYN,ACK,FIN",c3b81714,normal,GET /api/v1/transactions HTTP/1.1,TCP,41.203.71.63,11362,2026-03-02T09:05:32.574380
,2945,10.20.0.10,443,"SYN,ACK,FIN",c295262e,normal,GET /api/v1/transactions HTTP/1.1,TCP,41.203.130.155,14754,2026-03-02T09:05:33.162870
,2373,10.20.0.10,443,"SYN,ACK,FIN",e1fc1c11,normal,GET /api/v1/transactions HTTP/1.1,TCP,41.203.109.9,40174,2026-03-02T09:05:42.813959
,2367,10.20.0.10,5432,"SYN,ACK,FIN",85f64217,normal,SELECT * FROM ledger WHERE id=?,TCP,41.203.71.63,31698,2026-03-02T09:05:43.457358
,533,10.20.0.10,22,"SYN,ACK,FIN",7bc866e3,normal,SSH-2.0-OpenSSH_login_success,TCP,10.20.0.5,38198,2026-03-02T09:05:44.568962
,978,10.20.0.10,443,"SYN,ACK,FIN",0825b0b3,normal,GET /api/v1/transactions HTTP/1.1,TCP,41.203.51.184,38811,2026-03-02T09:05:46.675890
,3445,10.20.0.10,5432,"SYN,ACK,FIN",2b8e0511,normal,SELECT * FROM ledger WHERE id=?,TCP,41.203.88.72,44519,2026-03-02T09:05:47.470877
,2946,10.20.0.10,443,"SYN,ACK,FIN",e6c6ecad,normal,GET /api/v1/transactions HTTP/1.1,TCP,41.203.151.72,25338,2026-03-02T09:05:49.781248
,2981,10.20.0.10,443,"SYN,ACK,FIN",20f32a84,normal,GET /api/v1/transactions HTTP/1.1,TCP,41.203.140.108,44859,2026-03-02T09:05:49.971483
,2592,10.20.0.10,5432,"SYN,ACK,FIN",725d28f4,normal,SELECT * FROM ledger WHERE id=?,TCP,41.203.229.140,51473,2026-03-02T09:05:50.529131
,378,10.20.0.10,443,"SYN,ACK,FIN",b35560eb,normal,GET /api/v1/transactions HTTP/1.1,TCP,41.203.57.115,31834,2026-03-02T09:05:51.408359
,373,10.20.0.10,443,"SYN,ACK,FIN",7809114a,normal,GET /api/v1/transactions HTTP/1.1,TCP,41.203.130.155,49654,2026-03-02T09:05:57.364057
,201,10.20.0.10,443,"SYN,ACK,FIN",d28f4550,normal,GET /api/v1/transactions HTTP/1.1,TCP,41.203.2.195,55663,2026-03-02T09:06:05.467652
,832,10.20.0.10,443,"SYN,ACK,FIN",ea5b86fd,normal,GET /api/v1/transactions HTTP/1.1,TCP,41.203.40.56,43935,2026-03-02T09:06:08.980758
,2925,10.20.0.10,443,"SYN,ACK,FIN",1566a476,normal,GET /api/v1/transactions HTTP/1.1,TCP,41.203.56.60,58276,2026-03-02T09:06:09.727770
,3186,10.20.0.10,5432,"SYN,ACK,FIN",999f705b,normal,SELECT * FROM ledger WHERE id=?,TCP,41.203.130.155,57636,2026-03-02T09:06:09.992048
,1380,10.20.0.10,443,"SYN,ACK,FIN",92368c51,normal,GET /api/v1/transactions HTTP/1.1,TCP,41.203.174.190,33495,2026-03-02T09:06:10.480581
,2323,10.20.0.10,5432,"SYN,ACK,FIN",86647836,normal,SELECT * FROM ledger WHERE id=?,TCP,41.203.179.109,13317,2026-03-02T09:06:11.922814
,3292,10.20.0.10,5432,"SYN,ACK,FIN",677b8984,normal,SELECT * FROM ledger WHERE id=?,TCP,41.203.140.108,15151,2026-03-02T09:06:12.765364
,2134,10.20.0.10,443,"SYN,ACK,FIN",3dc2895d,normal,GET /api/v1/transactions HTTP/1.1,TCP,41.203.88.72,32645,2026-03-02T09:06:13.941309
,1120,10.20.0.10,443,"SYN,ACK,FIN",f9268c29,normal,GET /api/v1/transactions HTTP/1.1,TCP,41.203.207.41,36712,2026-03-02T09:06:22.625069
,2454,10.20.0.10,443,"SYN,ACK,FIN",7c71f155,normal,GET /api/v1/transactions HTTP/1.1,TCP,41.203.151.72,49909,2026-03-02T09:06:22.953431
,1462,10.20.0.10,443,"SYN,ACK,FIN",eafb1676,normal,GET /api/v1/transactions HTTP/1.1,TCP,41.203.208.223,3765,2026-03-02T09:06:26.808042
,1135,10.20.0.10,443,"SYN,ACK,FIN",56ed2bdf,normal,GET /api/v1/transactions HTTP/1.1,TCP,41.203.246.196,59225,2026-03-02T09:06:27.062947
,2375,10.20.0.10,443,"SYN,ACK,FIN",0acf15a0,normal,GET /api/v1/transactions HTTP/1.1,TCP,41.203.130.155,17027,2026-03-02T09:06:27.618109
,2803,10.20.0.10,443,"SYN,ACK,FIN",d721ea37,normal,GET /api/v1/transactions HTTP/1.1,TCP,41.203.140.108,24760,2026-03-02T09:06:30.171061
,3314,10.20.0.10,443,"SYN,ACK,FIN",134829c4,normal,GET /api/v1/transactions HTTP/1.1,TCP,41.203.23.152,7475,2026-03-02T09:06:30.574325
,2337,10.20.0.10,443,"SYN,ACK,FIN",fd3c9cfc,normal,GET /api/v1/transactions HTTP/1.1,TCP,41.203.167.180,49114,2026-03-02T09:06:31.938431
,2049,10.20.0.10,443,"SYN,ACK,FIN",25258153,normal,GET /api/v1/transactions HTTP/1.1,TCP,41.203.207.41,34943,2026-03-02T09:06:34.290076
,3020,10.20.0.10,443,"SYN,ACK,FIN",838761a7,normal,GET /api/v1/transactions HTTP/1.1,TCP,41.203.40.56,31740,2026-03-02T09:06:35.238104
,1426,10.20.0.10,443,"SYN,ACK,FIN",dd8d9015,normal,GET /api/v1/transactions HTTP/1.1,TCP,41.203.207.41,46506,2026-03-02T09:06:39.310696
,3910,10.20.0.10,5432,"SYN,ACK,FIN",6008a254,normal,SELECT * FROM ledger WHERE id=?,TCP,41.203.88.72,1368,2026-03-02T09:06:43.741327
,2541,10.20.0.10,443,"SYN,ACK,FIN",d97a7fbe,normal,GET /api/v1/transactions HTTP/1.1,TCP,41.203.40.56,54096,2026-03-02T09:06:44.760333
,1212,10.20.0.10,5432,"SYN,ACK,FIN",7e4ed2e0,normal,SELECT * FROM ledger WHERE id=?,TCP,41.203.174.190,50292,2026-03-02T09:06:45.062782
,1417,10.20.0.10,5432,"SYN,ACK,FIN",81e90e11,normal,SELECT * FROM ledger WHERE id=?,TCP,41.203.23.152,30038,2026-03-02T09:06:45.463018
,3882,10.20.0.10,443,"SYN,ACK,FIN",9cbfaa44,normal,GET /api/v1/transactions HTTP/1.1,TCP,41.203.189.27,54171,2026-03-02T09:06:45.470798
,1715,10.20.0.10,5432,"SYN,ACK,FIN",225e4d93,normal,SELECT * FROM ledger WHERE id=?,TCP,41.203.7.144,11339,2026-03-02T09:06:48.281212
,3267,10.20.0.10,443,"SYN,ACK,FIN",0d66cc38,normal,GET /api/v1/transactions HTTP/1.1,TCP,41.203.109.9,45118,2026-03-02T09:06:49.307425
,2779,10.20.0.10,443,"SYN,ACK,FIN",d1397f9b,normal,GET /api/v1/transactions HTTP/1.1,TCP,41.203.246.196,59097,2026-03-02T09:06:49.874552
,3279,10.20.0.10,443,"SYN,ACK,FIN",6d9deee1,normal,GET /api/v1/transactions HTTP/1.1,TCP,41.203.179.109,61908,2026-03-02T09:06:51.502115
,327,10.20.0.10,443,"SYN,ACK,FIN",58a8b13a,normal,GET /api/v1/transactions HTTP/1.1,TCP,41.203.7.190,64202,2026-03-02T09:06:52.238270
,609,10.20.0.10,443,"SYN,ACK,FIN",75f2146c,normal,GET /api/v1/transactions HTTP/1.1,TCP,41.203.71.63,37920,2026-03-02T09:06:52.456970
,3731,10.20.0.10,443,"SYN,ACK,FIN",91291a05,normal,GET /api/v1/transactions HTTP/1.1,TCP,41.203.51.184,6126,2026-03-02T09:06:53.778825
,433,10.20.0.10,443,"SYN,ACK,FIN",ba161936,normal,GET /api/v1/transactions HTTP/1.1,TCP,41.203.71.63,3488,2026-03-02T09:06:55.568238
,3443,10.20.0.10,5432,"SYN,ACK,FIN",7859e9a6,normal,SELECT * FROM ledger WHERE id=?,TCP,41.203.71.63,37351,2026-03-02T09:06:56.440493
,3194,10.20.0.10,5432,"SYN,ACK,FIN",ff968d73,normal,SELECT * FROM ledger WHERE id=?,TCP,41.203.246.196,55139,2026-03-02T09:06:58.386394
,2967,10.20.0.10,443,"SYN,ACK,FIN",e715d866,normal,GET /api/v1/transactions HTTP/1.1,TCP,41.203.2.195,30001,2026-03-02T09:06:58.489371
,2409,10.20.0.10,443,"SYN,ACK,FIN",8e99530f,normal,GET /api/v1/transactions HTTP/1.1,TCP,41.203.109.9,50112,2026-03-02T09:07:03.276153
,955,10.20.0.10,5432,"SYN,ACK,FIN",2f3b778c,normal,SELECT * FROM ledger WHERE id=?,TCP,41.203.8.24,23352,2026-03-02T09:07:10.842788
,3741,10.20.0.10,5432,"SYN,ACK,FIN",99e10485,normal,SELECT * FROM ledger WHERE id=?,TCP,41.203.174.190,15032,2026-03-02T09:07:17.077013
,3467,10.20.0.10,443,"SYN,ACK,FIN",4150ab7f,normal,GET /api/v1/transactions HTTP/1.1,TCP,41.203.56.60,24277,2026-03-02T09:07:18.794939
,1985,10.20.0.10,443,"SYN,ACK,FIN",51b475e3,normal,GET /api/v1/transactions HTTP/1.1,TCP,41.203.51.184,18911,2026-03-02T09:07:19.406530
,1184,10.20.0.10,5432,"SYN,ACK,FIN",30434762,normal,SELECT * FROM ledger WHERE id=?,TCP,41.203.23.152,50711,2026-03-02T09:07:19.720062
,2778,10.20.0.10,5432,"SYN,ACK,FIN",77e1af7f,normal,SELECT * FROM ledger WHERE id=?,TCP,41.203.71.63,38839,2026-03-02T09:07:22.571904
,717,10.20.0.10,443,"SYN,ACK,FIN",0474dfdb,normal,GET /api/v1/transactions HTTP/1.1,TCP,41.203.207.41,3450,2026-03-02T09:07:25.795785
,1704,10.20.0.10,443,"SYN,ACK,FIN",2804784f,normal,GET /api/v1/transactions HTTP/1.1,TCP,41.203.56.60,33629,2026-03-02T09:07:26.582904
,786,10.20.0.10,443,"SYN,ACK,FIN",3b82eda9,normal,GET /api/v1/transactions HTTP/1.1,TCP,41.203.7.144,39241,2026-03-02T09:07:27.900527
,2936,10.20.0.10,443,"SYN,ACK,FIN",a6eaccdb,normal,GET /api/v1/transactions HTTP/1.1,TCP,41.203.88.72,55638,2026-03-02T09:07:30.236112
,2375,10.20.0.10,5432,"SYN,ACK,FIN",4562b96c,normal,SELECT * FROM ledger WHERE id=?,TCP,41.203.208.223,56907,2026-03-02T09:07:32.565345
,2719,10.20.0.10,5432,"SYN,ACK,FIN",289a1c52,normal,SELECT * FROM ledger WHERE id=?,TCP,41.203.58.36,62982,2026-03-02T09:07:33.454821
,360,10.20.0.10,443,"SYN,ACK,FIN",0754a622,normal,GET /api/v1/transactions HTTP/1.1,TCP,41.203.56.60,12332,2026-03-02T09:07:34.094101
,3908,10.20.0.10,443,"SYN,ACK,FIN",731e099b,normal,GET /api/v1/transactions HTTP/1.1,TCP,41.203.207.41,17481,2026-03-02T09:07:34.868152
,606,10.20.0.10,5432,"SYN,ACK,FIN",fd3ec51c,normal,SELECT * FROM ledger WHERE id=?,TCP,41.203.8.24,29217,2026-03-02T09:07:34.995967
,1629,10.20.0.10,443,"SYN,ACK,FIN",071bf7a1,normal,GET /api/v1/transactions HTTP/1.1,TCP,41.203.71.63,9704,2026-03-02T09:07:35.296225
,2940,10.20.0.10,443,"SYN,ACK,FIN",a2bb90e9,normal,GET /api/v1/transactions HTTP/1.1,TCP,41.203.56.60,19274,2026-03-02T09:07:42.740508
,550,10.20.0.10,443,"SYN,ACK,FIN",0e1e0828,normal,GET /api/v1/transactions HTTP/1.1,TCP,41.203.109.9,13545,2026-03-02T09:07:44.964527
,477,10.20.0.10,443,"SYN,ACK,FIN",1a6fa0b6,normal,GET /api/v1/transactions HTTP/1.1,TCP,41.203.179.109,24656,2026-03-02T09:07:51.136102
,3765,10.20.0.10,5432,"SYN,ACK,FIN",b3847948,normal,SELECT * FROM ledger WHERE id=?,TCP,41.203.208.223,26960,2026-03-02T09:07:51.566289
,262,10.20.0.10,443,"SYN,ACK,FIN",2afc0850,normal,GET /api/v1/transactions HTTP/1.1,TCP,41.203.167.180,30969,2026-03-02T09:07:53.355978
,460,10.20.0.10,5432,"SYN,ACK,FIN",61b8316e,normal,SELECT * FROM ledger WHERE id=?,TCP,41.203.40.56,49891,2026-03-02T09:07:53.476974
,386,10.20.0.10,5432,"SYN,ACK,FIN",16871106,normal,SELECT * FROM ledger WHERE id=?,TCP,41.203.179.109,21236,2026-03-02T09:07:54.240696
,1933,10.20.0.10,443,"SYN,ACK,FIN",4907c11b,normal,GET /api/v1/transactions HTTP/1.1,TCP,41.203.174.190,40777,2026-03-02T09:07:54.906409
,3910,10.20.0.10,443,"SYN,ACK,FIN",927c7d2f,normal,GET /api/v1/transactions HTTP/1.1,TCP,41.203.71.63,13731,2026-03-02T09:07:57.544339
,1316,10.20.0.10,443,"SYN,ACK,FIN",1257d7fb,normal,GET /api/v1/transactions HTTP/1.1,TCP,41.203.189.27,60890,2026-03-02T09:07:57.767136
,1717,10.20.0.10,443,"SYN,ACK,FIN",bb0681f6,normal,GET /api/v1/transactions HTTP/1.1,TCP,41.203.7.190,44377,2026-03-02T09:07:59.470721
,3814,10.20.0.10,443,"SYN,ACK,FIN",aef360b4,normal,GET /api/v1/transactions HTTP/1.1,TCP,41.203.140.108,48429,2026-03-02T09:08:05.310538
,455,10.20.0.10,443,"SYN,ACK,FIN",9150eb1e,normal,GET /api/v1/transactions HTTP/1.1,TCP,41.203.51.184,28272,2026-03-02T09:08:08.350026
,1712,10.20.0.10,443,"SYN,ACK,FIN",2b9bd479,normal,GET /api/v1/transactions HTTP/1.1,TCP,41.203.88.72,55720,2026-03-02T09:08:11.031260
,1379,10.20.0.10,443,"SYN,ACK,FIN",ce894f6c,normal,GET /api/v1/transactions HTTP/1.1,TCP,41.203.229.140,61819,2026-03-02T09:08:14.297675
,980,10.20.0.10,5432,"SYN,ACK,FIN",c5ced2d9,normal,SELECT * FROM ledger WHERE id=?,TCP,41.203.23.152,26162,2026-03-02T09:08:16.138569
,1922,10.20.0.10,443,"SYN,ACK,FIN",6d67c49f,normal,GET /api/v1/transactions HTTP/1.1,TCP,41.203.88.72,13596,2026-03-02T09:08:18.971230
,3113,10.20.0.10,443,"SYN,ACK,FIN",62270592,normal,GET /api/v1/transactions HTTP/1.1,TCP,41.203.140.108,7747,2026-03-02T09:08:19.086671
sql_injection,809,10.20.0.10,443,"SYN,ACK,FIN",9f143bf0,attack,POST /api/v1/login HTTP/1.1 body=username=admin'--,TCP,41.190.3.201,3008,2026-03-02T09:08:20
sql_injection,609,10.20.0.10,443,"SYN,ACK,FIN",c8f9619d,attack,POST /api/v1/login HTTP/1.1 body=username=' OR 1=1 --,TCP,41.190.3.201,20007,2026-03-02T09:08:24
,2104,10.20.0.10,443,"SYN,ACK,FIN",e1b44c60,normal,GET /api/v1/transactions HTTP/1.1,TCP,41.203.140.108,15308,2026-03-02T09:08:27.572624
sql_injection,715,10.20.0.10,443,"SYN,ACK,FIN",e66326b7,attack,"POST /api/v1/login HTTP/1.1 body=username=1 UNION SELECT username, password FROM accounts",TCP,41.190.3.201,17072,2026-03-02T09:08:28
,485,10.20.0.10,443,"SYN,ACK,FIN",81655e18,normal,GET /api/v1/transactions HTTP/1.1,TCP,41.203.174.190,27289,2026-03-02T09:08:29.688985
sql_injection,374,10.20.0.10,443,"SYN,ACK,FIN",2e89c688,attack,POST /api/v1/login HTTP/1.1 body=username=' OR '1'='1,TCP,41.190.3.201,30747,2026-03-02T09:08:32
,2921,10.20.0.10,443,"SYN,ACK,FIN",4630e2ee,normal,GET /api/v1/transactions HTTP/1.1,TCP,41.203.130.155,13299,2026-03-02T09:08:33.597344
,3706,10.20.0.10,443,"SYN,ACK,FIN",1409490f,normal,GET /api/v1/transactions HTTP/1.1,TCP,41.203.88.72,16330,2026-03-02T09:08:34.617878
sql_injection,750,10.20.0.10,443,"SYN,ACK,FIN",f4b6deaa,attack,POST /api/v1/login HTTP/1.1 body=username=' OR 1=1 --,TCP,41.190.3.201,11383,2026-03-02T09:08:36
,2822,10.20.0.10,5432,"SYN,ACK,FIN",8c6f6a6f,normal,SELECT * FROM ledger WHERE id=?,TCP,41.203.56.60,47521,2026-03-02T09:08:36.059713
,1957,10.20.0.10,443,"SYN,ACK,FIN",098bff19,normal,GET /api/v1/transactions HTTP/1.1,TCP,41.203.246.196,53926,2026-03-02T09:08:36.690004
,356,10.20.0.10,443,"SYN,ACK,FIN",2232b335,normal,GET /api/v1/transactions HTTP/1.1,TCP,41.203.109.9,18421,2026-03-02T09:08:42.530760
,2815,10.20.0.10,443,"SYN,ACK,FIN",8a368c06,normal,GET /api/v1/transactions HTTP/1.1,TCP,41.203.179.109,54921,2026-03-02T09:08:46.104082
,2500,10.20.0.10,443,"SYN,ACK,FIN",f43236c4,normal,GET /api/v1/transactions HTTP/1.1,TCP,41.203.189.27,37828,2026-03-02T09:08:47.818574
,832,10.20.0.10,5432,"SYN,ACK,FIN",2a1c1d53,normal,SELECT * FROM ledger WHERE id=?,TCP,41.203.40.56,48642,2026-03-02T09:08:48.606311
,490,10.20.0.10,443,"SYN,ACK,FIN",0fb19e44,normal,GET /api/v1/transactions HTTP/1.1,TCP,41.203.208.223,1495,2026-03-02T09:08:49.596103
,2278,10.20.0.10,443,"SYN,ACK,FIN",c77838ad,normal,GET /api/v1/transactions HTTP/1.1,TCP,41.203.8.24,24088,2026-03-02T09:08:52.277781
,3730,10.20.0.10,443,"SYN,ACK,FIN",6e20af98,normal,GET /api/v1/transactions HTTP/1.1,TCP,41.203.174.190,45274,2026-03-02T09:08:55.531596
,864,10.20.0.10,443,"SYN,ACK,FIN",37454901,normal,GET /api/v1/transactions HTTP/1.1,TCP,41.203.2.195,11133,2026-03-02T09:08:57.521797
,279,10.20.0.10,443,"SYN,ACK,FIN",b3677663,normal,GET /api/v1/transactions HTTP/1.1,TCP,41.203.151.72,33045,2026-03-02T09:08:59.050126
,3309,10.20.0.10,443,"SYN,ACK,FIN",d5b5c333,normal,GET /api/v1/transactions HTTP/1.1,TCP,41.203.229.140,50845,2026-03-02T09:09:02.159087
,939,10.20.0.10,5432,"SYN,ACK,FIN",2c1d808d,normal,SELECT * FROM ledger WHERE id=?,TCP,41.203.71.63,54916,2026-03-02T09:09:02.207969
,574,10.20.0.10,443,"SYN,ACK,FIN",4be62fb6,normal,GET /api/v1/transactions HTTP/1.1,TCP,41.203.51.184,2719,2026-03-02T09:09:03.342277
,960,10.20.0.10,22,"SYN,ACK,FIN",47fe62d3,normal,SSH-2.0-OpenSSH_login_success,TCP,10.20.0.5,45527,2026-03-02T09:09:04.585346
,2733,10.20.0.10,5432,"SYN,ACK,FIN",cf1f8181,normal,SELECT * FROM ledger WHERE id=?,TCP,41.203.246.196,52845,2026-03-02T09:09:05.685886
,1097,10.20.0.10,443,"SYN,ACK,FIN",fd1ed4b7,normal,GET /api/v1/transactions HTTP/1.1,TCP,41.203.8.24,24113,2026-03-02T09:09:06.358498
,948,10.20.0.10,22,"SYN,ACK,FIN",b9d7b506,normal,SSH-2.0-OpenSSH_login_success,TCP,10.20.0.5,52228,2026-03-02T09:09:06.815613
,716,10.20.0.10,443,"SYN,ACK,FIN",9ca2fee3,normal,GET /api/v1/transactions HTTP/1.1,TCP,41.203.71.63,5328,2026-03-02T09:09:07.467681
,3597,10.20.0.10,443,"SYN,ACK,FIN",922de3b7,normal,GET /api/v1/transactions HTTP/1.1,TCP,41.203.151.72,44135,2026-03-02T09:09:08.095424
,2387,10.20.0.10,443,"SYN,ACK,FIN",2449da7b,normal,GET /api/v1/transactions HTTP/1.1,TCP,41.203.109.9,12239,2026-03-02T09:09:08.217905
,2878,10.20.0.10,443,"SYN,ACK,FIN",a63bd65e,normal,GET /api/v1/transactions HTTP/1.1,TCP,41.203.151.72,53918,2026-03-02T09:09:10.509989
,1324,10.20.0.10,443,"SYN,ACK,FIN",dd313497,normal,GET /api/v1/transactions HTTP/1.1,TCP,41.203.7.190,29528,2026-03-02T09:09:13.366334
,2404,10.20.0.10,443,"SYN,ACK,FIN",77e05fc9,normal,GET /api/v1/transactions HTTP/1.1,TCP,41.203.207.41,61292,2026-03-02T09:09:14.321119
,2892,10.20.0.10,443,"SYN,ACK,FIN",2b43d01b,normal,GET /api/v1/transactions HTTP/1.1,TCP,41.203.23.152,28498,2026-03-02T09:09:17.443359
,3294,10.20.0.10,443,"SYN,ACK,FIN",64fe1564,normal,GET /api/v1/transactions HTTP/1.1,TCP,41.203.207.41,45441,2026-03-02T09:09:18.802047
,717,10.20.0.10,443,"SYN,ACK,FIN",8bb3df01,normal,GET /api/v1/transactions HTTP/1.1,TCP,41.203.229.140,16657,2026-03-02T09:09:19.202091
,411,10.20.0.10,5432,"SYN,ACK,FIN",70aac0f6,normal,SELECT * FROM ledger WHERE id=?,TCP,41.203.130.155,50830,2026-03-02T09:09:22.867868
,2770,10.20.0.10,443,"SYN,ACK,FIN",0a75df32,normal,GET /api/v1/transactions HTTP/1.1,TCP,41.203.40.56,60229,2026-03-02T09:09:25.423293
,1377,10.20.0.10,443,"SYN,ACK,FIN",ca2907b0,normal,GET /api/v1/transactions HTTP/1.1,TCP,41.203.71.63,61378,2026-03-02T09:09:28.044915
,752,10.20.0.10,5432,"SYN,ACK,FIN",4bf947c0,normal,SELECT * FROM ledger WHERE id=?,TCP,41.203.88.72,54206,2026-03-02T09:09:28.562263
,1190,10.20.0.10,443,"SYN,ACK,FIN",5c6ff3a6,normal,GET /api/v1/transactions HTTP/1.1,TCP,41.203.140.108,38710,2026-03-02T09:09:28.759448
,1333,10.20.0.10,443,"SYN,ACK,FIN",596ad9f3,normal,GET /api/v1/transactions HTTP/1.1,TCP,41.203.7.190,55376,2026-03-02T09:09:30.856003
,1245,10.20.0.10,5432,"SYN,ACK,FIN",a7e7be3f,normal,SELECT * FROM ledger WHERE id=?,TCP,41.203.23.152,31142,2026-03-02T09:09:34.114168
,3027,10.20.0.10,443,"SYN,ACK,FIN",c3d68150,normal,GET /api/v1/transactions HTTP/1.1,TCP,41.203.208.223,28831,2026-03-02T09:09:35.044832
,2983,10.20.0.10,443,"SYN,ACK,FIN",dc23bade,normal,GET /api/v1/transactions HTTP/1.1,TCP,41.203.109.9,27217,2026-03-02T09:09:37.333565
,3530,10.20.0.10,5432,"SYN,ACK,FIN",f0f723ce,normal,SELECT * FROM ledger WHERE id=?,TCP,41.203.8.24,22551,2026-03-02T09:09:39.143937
,2035,10.20.0.10,5432,"SYN,ACK,FIN",d571367b,normal,SELECT * FROM ledger WHERE id=?,TCP,41.203.88.72,33190,2026-03-02T09:09:41.312610
,2282,10.20.0.10,443,"SYN,ACK,FIN",5c22171e,normal,GET /api/v1/transactions HTTP/1.1,TCP,41.203.189.27,28772,2026-03-02T09:09:41.422339
,1545,10.20.0.10,5432,"SYN,ACK,FIN",dd2051da,normal,SELECT * FROM ledger WHERE id=?,TCP,41.203.2.195,56845,2026-03-02T09:09:44.852987
,3624,10.20.0.10,443,"SYN,ACK,FIN",ec1115b9,normal,GET /api/v1/transactions HTTP/1.1,TCP,41.203.58.36,36451,2026-03-02T09:09:46.930405
,3670,10.20.0.10,443,"SYN,ACK,FIN",06397123,normal,GET /api/v1/transactions HTTP/1.1,TCP,41.203.229.140,15720,2026-03-02T09:09:51.062673
,2311,10.20.0.10,443,"SYN,ACK,FIN",d77df2ae,normal,GET /api/v1/transactions HTTP/1.1,TCP,41.203.40.56,19622,2026-03-02T09:09:52.965670
,1182,10.20.0.10,443,"SYN,ACK,FIN",d66ddc83,normal,GET /api/v1/transactions HTTP/1.1,TCP,41.203.229.140,11316,2026-03-02T09:09:54.385323
,739,10.20.0.10,443,"SYN,ACK,FIN",1605b163,normal,GET /api/v1/transactions HTTP/1.1,TCP,41.203.174.190,2713,2026-03-02T09:09:54.951878
,3338,10.20.0.10,443,"SYN,ACK,FIN",96cdf10b,normal,GET /api/v1/transactions HTTP/1.1,TCP,41.203.246.196,58459,2026-03-02T09:09:55.736314
,3148,10.20.0.10,443,"SYN,ACK,FIN",890c0e23,normal,GET /api/v1/transactions HTTP/1.1,TCP,41.203.56.60,9191,2026-03-02T09:09:57.048729
,2138,10.20.0.10,443,"SYN,ACK,FIN",73355929,normal,GET /api/v1/transactions HTTP/1.1,TCP,41.203.23.152,25208,2026-03-02T09:09:57.564019
,1848,10.20.0.10,443,"SYN,ACK,FIN",25b1cda5,normal,GET /api/v1/transactions HTTP/1.1,TCP,41.203.8.24,22400,2026-03-02T09:10:00.203614
,1426,10.20.0.10,443,"SYN,ACK,FIN",d8bb865c,normal,GET /api/v1/transactions HTTP/1.1,TCP,41.203.57.115,37370,2026-03-02T09:10:01.076883
,302,10.20.0.10,443,"SYN,ACK,FIN",2a7cf50f,normal,GET /api/v1/transactions HTTP/1.1,TCP,41.203.130.155,31922,2026-03-02T09:10:07.352900
,912,10.20.0.10,5432,"SYN,ACK,FIN",c2a9c64a,normal,SELECT * FROM ledger WHERE id=?,TCP,41.203.179.109,60190,2026-03-02T09:10:09.586151
,2992,10.20.0.10,443,"SYN,ACK,FIN",7d2581f7,normal,GET /api/v1/transactions HTTP/1.1,TCP,41.203.109.9,8531,2026-03-02T09:10:12.255069
,3347,10.20.0.10,443,"SYN,ACK,FIN",29df9bbc,normal,GET /api/v1/transactions HTTP/1.1,TCP,41.203.207.41,56261,2026-03-02T09:10:16.152826
,2031,10.20.0.10,443,"SYN,ACK,FIN",8b95bcd3,normal,GET /api/v1/transactions HTTP/1.1,TCP,41.203.51.184,24062,2026-03-02T09:10:20.788328
,2016,10.20.0.10,443,"SYN,ACK,FIN",32a76cbf,normal,GET /api/v1/transactions HTTP/1.1,TCP,41.203.109.9,15262,2026-03-02T09:10:21.252597
,3308,10.20.0.10,5432,"SYN,ACK,FIN",924e4949,normal,SELECT * FROM ledger WHERE id=?,TCP,41.203.8.24,10119,2026-03-02T09:10:26.464790
,2812,10.20.0.10,443,"SYN,ACK,FIN",1e953ab9,normal,GET /api/v1/transactions HTTP/1.1,TCP,41.203.151.72,9299,2026-03-02T09:10:27.675654
,1455,10.20.0.10,443,"SYN,ACK,FIN",37b7ec08,normal,GET /api/v1/transactions HTTP/1.1,TCP,41.203.56.60,18778,2026-03-02T09:10:32.569448
,491,10.20.0.10,443,"SYN,ACK,FIN",ba722bd2,normal,GET /api/v1/transactions HTTP/1.1,TCP,41.203.88.72,30779,2026-03-02T09:10:32.688802
,2908,10.20.0.10,443,"SYN,ACK,FIN",1673dc25,normal,GET /api/v1/transactions HTTP/1.1,TCP,41.203.130.155,4027,2026-03-02T09:10:34.114653
,1899,10.20.0.10,443,"SYN,ACK,FIN",a81e7e7b,normal,GET /api/v1/transactions HTTP/1.1,TCP,41.203.88.72,5233,2026-03-02T09:10:35.777228
,2329,10.20.0.10,443,"SYN,ACK,FIN",c32bd72b,normal,GET /api/v1/transactions HTTP/1.1,TCP,41.203.109.9,1134,2026-03-02T09:10:37.906755
,2456,10.20.0.10,443,"SYN,ACK,FIN",60698619,normal,GET /api/v1/transactions HTTP/1.1,TCP,41.203.2.195,21389,2026-03-02T09:10:38.804543
,501,10.20.0.10,5432,"SYN,ACK,FIN",33930f8b,normal,SELECT * FROM ledger WHERE id=?,TCP,41.203.58.36,30093,2026-03-02T09:10:41.161183
,2951,10.20.0.10,443,"SYN,ACK,FIN",ca11b908,normal,GET /api/v1/transactions HTTP/1.1,TCP,41.203.229.140,27172,2026-03-02T09:10:41.654076
,3015,10.20.0.10,443,"SYN,ACK,FIN",e0467079,normal,GET /api/v1/transactions HTTP/1.1,TCP,41.203.8.24,14366,2026-03-02T09:10:45.850968
,2224,10.20.0.10,443,"SYN,ACK,FIN",5ffe5d0e,normal,GET /api/v1/transactions HTTP/1.1,TCP,41.203.208.223,26188,2026-03-02T09:10:46.511324
,1882,10.20.0.10,443,"SYN,ACK,FIN",aceb9f05,normal,GET /api/v1/transactions HTTP/1.1,TCP,41.203.174.190,3887,2026-03-02T09:10:49.064698
ddos,78,10.20.0.10,443,SYN,01fa667b,attack,,TCP,91.124.119.53,23318,2026-03-02T09:10:50
ddos,60,10.20.0.10,443,SYN,14b51416,attack,,TCP,91.37.81.221,48102,2026-03-02T09:10:50.050000
ddos,65,10.20.0.10,443,SYN,b7018cc8,attack,,TCP,91.188.253.221,23658,2026-03-02T09:10:50.100000
ddos,75,10.20.0.10,443,SYN,f50fe602,attack,,TCP,91.34.195.95,34773,2026-03-02T09:10:50.150000
ddos,47,10.20.0.10,443,SYN,a3f8cc8e,attack,,TCP,91.28.82.62,31594,2026-03-02T09:10:50.200000
ddos,46,10.20.0.10,443,SYN,a5ac0113,attack,,TCP,91.69.116.64,10256,2026-03-02T09:10:50.250000
ddos,79,10.20.0.10,443,SYN,ebe426d7,attack,,TCP,91.13.75.243,26199,2026-03-02T09:10:50.300000
ddos,50,10.20.0.10,443,SYN,6f88b16d,attack,,TCP,91.108.64.247,57732,2026-03-02T09:10:50.350000
ddos,60,10.20.0.10,443,SYN,277d00a2,attack,,TCP,91.209.84.240,38883,2026-03-02T09:10:50.400000
ddos,72,10.20.0.10,443,SYN,d19cbe2b,attack,,TCP,91.49.196.41,33678,2026-03-02T09:10:50.450000
ddos,71,10.20.0.10,443,SYN,3500a904,attack,,TCP,91.120.128.226,21244,2026-03-02T09:10:50.500000
ddos,72,10.20.0.10,443,SYN,5d9e5733,attack,,TCP,91.6.24.242,26795,2026-03-02T09:10:50.550000
ddos,77,10.20.0.10,443,SYN,dfb30b31,attack,,TCP,91.118.248.62,15123,2026-03-02T09:10:50.600000
ddos,71,10.20.0.10,443,SYN,240567a2,attack,,TCP,91.91.13.13,19462,2026-03-02T09:10:50.650000
ddos,70,10.20.0.10,443,SYN,d381ee55,attack,,TCP,91.153.226.216,43901,2026-03-02T09:10:50.700000
ddos,46,10.20.0.10,443,SYN,4fcf2473,attack,,TCP,91.74.138.3,56544,2026-03-02T09:10:50.750000
ddos,63,10.20.0.10,443,SYN,198ff9ef,attack,,TCP,91.111.35.226,18356,2026-03-02T09:10:50.800000
ddos,65,10.20.0.10,443,SYN,bf5ee55f,attack,,TCP,91.196.104.94,3989,2026-03-02T09:10:50.850000
ddos,63,10.20.0.10,443,SYN,28650694,attack,,TCP,91.14.146.144,13780,2026-03-02T09:10:50.900000
ddos,72,10.20.0.10,443,SYN,59a44f25,attack,,TCP,91.142.74.19,26343,2026-03-02T09:10:50.950000
ddos,79,10.20.0.10,443,SYN,f6e6cc9f,attack,,TCP,91.116.196.141,19355,2026-03-02T09:10:51
ddos,46,10.20.0.10,443,SYN,39352c96,attack,,TCP,91.175.157.31,9456,2026-03-02T09:10:51.050000
ddos,75,10.20.0.10,443,SYN,0db2acea,attack,,TCP,91.101.96.204,23246,2026-03-02T09:10:51.100000
ddos,52,10.20.0.10,443,SYN,0bf3ab56,attack,,TCP,91.241.94.194,10478,2026-03-02T09:10:51.150000
ddos,42,10.20.0.10,443,SYN,6e9f8874,attack,,TCP,91.155.131.103,33797,2026-03-02T09:10:51.200000
ddos,61,10.20.0.10,443,SYN,64c8562a,attack,,TCP,91.12.10.36,47789,2026-03-02T09:10:51.250000
ddos,49,10.20.0.10,443,SYN,1972987a,attack,,TCP,91.206.122.133,30973,2026-03-02T09:10:51.300000
ddos,60,10.20.0.10,443,SYN,69c4f229,attack,,TCP,91.156.229.132,10184,2026-03-02T09:10:51.350000
ddos,65,10.20.0.10,443,SYN,5cd5d6d0,attack,,TCP,91.239.157.82,11673,2026-03-02T09:10:51.400000
ddos,59,10.20.0.10,443,SYN,329e69d2,attack,,TCP,91.254.158.190,56244,2026-03-02T09:10:51.450000
ddos,72,10.20.0.10,443,SYN,6e7c3bd1,attack,,TCP,91.152.87.130,55306,2026-03-02T09:10:51.500000
ddos,59,10.20.0.10,443,SYN,d33528e8,attack,,TCP,91.137.126.182,37915,2026-03-02T09:10:51.550000
ddos,61,10.20.0.10,443,SYN,415f8b9f,attack,,TCP,91.122.209.5,25164,2026-03-02T09:10:51.600000
ddos,77,10.20.0.10,443,SYN,5544a16d,attack,,TCP,91.173.29.251,28322,2026-03-02T09:10:51.650000
ddos,80,10.20.0.10,443,SYN,71c92221,attack,,TCP,91.79.204.231,48558,2026-03-02T09:10:51.700000
ddos,77,10.20.0.10,443,SYN,ed2929bb,attack,,TCP,91.7.153.122,18425,2026-03-02T09:10:51.750000
ddos,77,10.20.0.10,443,SYN,54409be7,attack,,TCP,91.148.59.185,4389,2026-03-02T09:10:51.800000
ddos,79,10.20.0.10,443,SYN,98be7acc,attack,,TCP,91.123.44.135,42247,2026-03-02T09:10:51.850000
ddos,55,10.20.0.10,443,SYN,4bc989b5,attack,,TCP,91.199.216.98,10708,2026-03-02T09:10:51.900000
ddos,47,10.20.0.10,443,SYN,eff353eb,attack,,TCP,91.9.147.243,46933,2026-03-02T09:10:51.950000
ddos,66,10.20.0.10,443,SYN,cf9133b2,attack,,TCP,91.49.5.113,21582,2026-03-02T09:10:52
ddos,66,10.20.0.10,443,SYN,7d3a5f83,attack,,TCP,91.39.106.177,14386,2026-03-02T09:10:52.050000
ddos,70,10.20.0.10,443,SYN,359b60f2,attack,,TCP,91.129.199.157,61351,2026-03-02T09:10:52.100000
ddos,43,10.20.0.10,443,SYN,a910f6c8,attack,,TCP,91.224.218.189,48695,2026-03-02T09:10:52.150000
ddos,75,10.20.0.10,443,SYN,f2baa992,attack,,TCP,91.181.36.133,14612,2026-03-02T09:10:52.200000
ddos,64,10.20.0.10,443,SYN,73e26f4a,attack,,TCP,91.84.170.123,35461,2026-03-02T09:10:52.250000
ddos,74,10.20.0.10,443,SYN,b693e659,attack,,TCP,91.81.245.45,31148,2026-03-02T09:10:52.300000
ddos,56,10.20.0.10,443,SYN,12dd19c2,attack,,TCP,91.88.140.91,45317,2026-03-02T09:10:52.350000
ddos,55,10.20.0.10,443,SYN,26f4c8d4,attack,,TCP,91.157.124.50,63764,2026-03-02T09:10:52.400000
ddos,59,10.20.0.10,443,SYN,077dcbf2,attack,,TCP,91.72.143.77,15760,2026-03-02T09:10:52.450000
ddos,71,10.20.0.10,443,SYN,6762b16a,attack,,TCP,91.198.74.181,14608,2026-03-02T09:10:52.500000
ddos,57,10.20.0.10,443,SYN,41a52749,attack,,TCP,91.82.123.90,37756,2026-03-02T09:10:52.550000
ddos,74,10.20.0.10,443,SYN,4008f15e,attack,,TCP,91.74.32.147,45367,2026-03-02T09:10:52.600000
ddos,62,10.20.0.10,443,SYN,e56e3c76,attack,,TCP,91.98.230.251,26880,2026-03-02T09:10:52.650000
ddos,58,10.20.0.10,443,SYN,4049637d,attack,,TCP,91.245.198.206,10623,2026-03-02T09:10:52.700000
ddos,45,10.20.0.10,443,SYN,dc09acf8,attack,,TCP,91.11.74.245,47825,2026-03-02T09:10:52.750000
ddos,56,10.20.0.10,443,SYN,421f5891,attack,,TCP,91.89.237.114,44013,2026-03-02T09:10:52.800000
ddos,74,10.20.0.10,443,SYN,1464b9d2,attack,,TCP,91.192.123.55,14266,2026-03-02T09:10:52.850000
ddos,57,10.20.0.10,443,SYN,bd645404,attack,,TCP,91.70.239.144,46648,2026-03-02T09:10:52.900000
ddos,77,10.20.0.10,443,SYN,b236eab5,attack,,TCP,91.36.28.158,49579,2026-03-02T09:10:52.950000
,2604,10.20.0.10,443,"SYN,ACK,FIN",fea8f6f0,normal,GET /api/v1/transactions HTTP/1.1,TCP,41.203.164.29,55908,2026-03-02T09:10:53.445884
,483,10.20.0.10,443,"SYN,ACK,FIN",9b719313,normal,GET /api/v1/transactions HTTP/1.1,TCP,41.203.71.63,54502,2026-03-02T09:10:58.716835
,3925,10.20.0.10,443,"SYN,ACK,FIN",105017cf,normal,GET /api/v1/transactions HTTP/1.1,TCP,41.203.208.223,6930,2026-03-02T09:10:59.123791
,3090,10.20.0.10,443,"SYN,ACK,FIN",465ee86e,normal,GET /api/v1/transactions HTTP/1.1,TCP,41.203.109.9,37178,2026-03-02T09:11:07.107818
,1315,10.20.0.10,443,"SYN,ACK,FIN",97ea6d5b,normal,GET /api/v1/transactions HTTP/1.1,TCP,41.203.58.36,11211,2026-03-02T09:11:08.175016
,1783,10.20.0.10,5432,"SYN,ACK,FIN",5b3c0b4f,normal,SELECT * FROM ledger WHERE id=?,TCP,41.203.51.184,59654,2026-03-02T09:11:08.976935
,3525,10.20.0.10,443,"SYN,ACK,FIN",32582fe0,normal,GET /api/v1/transactions HTTP/1.1,TCP,41.203.51.184,25445,2026-03-02T09:11:10.130072
,3877,10.20.0.10,443,"SYN,ACK,FIN",0165dd10,normal,GET /api/v1/transactions HTTP/1.1,TCP,41.203.40.56,29101,2026-03-02T09:11:12.312430
,1022,10.20.0.10,443,"SYN,ACK,FIN",6e788b74,normal,GET /api/v1/transactions HTTP/1.1,TCP,41.203.8.24,12534,2026-03-02T09:11:12.732778
,405,10.20.0.10,443,"SYN,ACK,FIN",7b5bab11,normal,GET /api/v1/transactions HTTP/1.1,TCP,41.203.7.190,4770,2026-03-02T09:11:13.178004
,1926,10.20.0.10,443,"SYN,ACK,FIN",691c6ed2,normal,GET /api/v1/transactions HTTP/1.1,TCP,41.203.7.144,55544,2026-03-02T09:11:16.808841
,1212,10.20.0.10,443,"SYN,ACK,FIN",7f4509c3,normal,GET /api/v1/transactions HTTP/1.1,TCP,41.203.207.41,63257,2026-03-02T09:11:18.809884
,2573,10.20.0.10,5432,"SYN,ACK,FIN",7e104bd9,normal,SELECT * FROM ledger WHERE id=?,TCP,41.203.140.108,50823,2026-03-02T09:11:19.001243
,649,10.20.0.10,443,"SYN,ACK,FIN",db21dbf7,normal,GET /api/v1/transactions HTTP/1.1,TCP,41.203.140.108,57457,2026-03-02T09:11:20.203942
,2127,10.20.0.10,443,"SYN,ACK,FIN",9d8a3bad,normal,GET /api/v1/transactions HTTP/1.1,TCP,41.203.109.9,12505,2026-03-02T09:11:26.798104
,2184,10.20.0.10,443,"SYN,ACK,FIN",9cfa643b,normal,GET /api/v1/transactions HTTP/1.1,TCP,41.203.207.41,35187,2026-03-02T09:11:29.232316
,2681,10.20.0.10,443,"SYN,ACK,FIN",0cb617e6,normal,GET /api/v1/transactions HTTP/1.1,TCP,41.203.88.72,12020,2026-03-02T09:11:30.208289
,656,10.20.0.10,443,"SYN,ACK,FIN",74be3ffa,normal,GET /api/v1/transactions HTTP/1.1,TCP,41.203.151.72,23317,2026-03-02T09:11:31.738859
,1764,10.20.0.10,5432,"SYN,ACK,FIN",75489529,normal,SELECT * FROM ledger WHERE id=?,TCP,41.203.167.180,52019,2026-03-02T09:11:32.494697
,3299,10.20.0.10,443,"SYN,ACK,FIN",83f0fb1f,normal,GET /api/v1/transactions HTTP/1.1,TCP,41.203.40.56,49205,2026-03-02T09:11:34.351237
,2648,10.20.0.10,5432,"SYN,ACK,FIN",44fb308a,normal,SELECT * FROM ledger WHERE id=?,TCP,41.203.7.144,45516,2026-03-02T09:11:37.018310
,2642,10.20.0.10,443,"SYN,ACK,FIN",1cb1d8a4,normal,GET /api/v1/transactions HTTP/1.1,TCP,41.203.8.24,38221,2026-03-02T09:11:39.152058
,1474,10.20.0.10,443,"SYN,ACK,FIN",65dec53e,normal,GET /api/v1/transactions HTTP/1.1,TCP,41.203.2.195,11756,2026-03-02T09:11:40.012698
,2631,10.20.0.10,5432,"SYN,ACK,FIN",eb27c492,normal,SELECT * FROM ledger WHERE id=?,TCP,41.203.140.108,34659,2026-03-02T09:11:40.215335
,920,10.20.0.10,443,"SYN,ACK,FIN",359f0853,normal,GET /api/v1/transactions HTTP/1.1,TCP,41.203.246.196,15365,2026-03-02T09:11:40.578366
,870,10.20.0.10,22,"SYN,ACK,FIN",1c5a45d4,normal,SSH-2.0-OpenSSH_login_success,TCP,10.20.0.5,25031,2026-03-02T09:11:40.663836
,1586,10.20.0.10,5432,"SYN,ACK,FIN",cc63dbaa,normal,SELECT * FROM ledger WHERE id=?,TCP,41.203.71.63,18392,2026-03-02T09:11:43.372762
,3485,10.20.0.10,443,"SYN,ACK,FIN",6bf35497,normal,GET /api/v1/transactions HTTP/1.1,TCP,41.203.40.56,28006,2026-03-02T09:11:44.147847
,1187,10.20.0.10,443,"SYN,ACK,FIN",98785a30,normal,GET /api/v1/transactions HTTP/1.1,TCP,41.203.164.29,23620,2026-03-02T09:11:49.668015
,211,10.20.0.10,443,"SYN,ACK,FIN",4943e76a,normal,GET /api/v1/transactions HTTP/1.1,TCP,41.203.246.196,40082,2026-03-02T09:11:49.779379
,2611,10.20.0.10,443,"SYN,ACK,FIN",cbfb450e,normal,GET /api/v1/transactions HTTP/1.1,TCP,41.203.164.29,16617,2026-03-02T09:11:50.986198
,356,10.20.0.10,443,"SYN,ACK,FIN",5d9be7cc,normal,GET /api/v1/transactions HTTP/1.1,TCP,41.203.88.72,10041,2026-03-02T09:11:52.242574
,2642,10.20.0.10,443,"SYN,ACK,FIN",90e6e23e,normal,GET /api/v1/transactions HTTP/1.1,TCP,41.203.189.27,28690,2026-03-02T09:11:52.871428
,3460,10.20.0.10,5432,"SYN,ACK,FIN",37abf4e9,normal,SELECT * FROM ledger WHERE id=?,TCP,41.203.229.140,63927,2026-03-02T09:11:54.361859
,3405,10.20.0.10,443,"SYN,ACK,FIN",c9acf0d8,normal,GET /api/v1/transactions HTTP/1.1,TCP,41.203.179.109,38112,2026-03-02T09:11:56.604495
,1938,10.20.0.10,443,"SYN,ACK,FIN",3014e1b2,normal,GET /api/v1/transactions HTTP/1.1,TCP,41.203.57.115,48674,2026-03-02T09:12:01.033279
,508,10.20.0.10,443,"SYN,ACK,FIN",16554e51,normal,GET /api/v1/transactions HTTP/1.1,TCP,41.203.8.24,31716,2026-03-02T09:12:03.809285
,2081,10.20.0.10,443,"SYN,ACK,FIN",c2cf07ff,normal,GET /api/v1/transactions HTTP/1.1,TCP,41.203.130.155,48847,2026-03-02T09:12:06.415446
,2454,10.20.0.10,5432,"SYN,ACK,FIN",e89e72b1,normal,SELECT * FROM ledger WHERE id=?,TCP,41.203.71.63,57120,2026-03-02T09:12:07.220020
,1545,10.20.0.10,443,"SYN,ACK,FIN",25ddf4e7,normal,GET /api/v1/transactions HTTP/1.1,TCP,41.203.229.140,16293,2026-03-02T09:12:11.747683
,350,10.20.0.10,5432,"SYN,ACK,FIN",8227a4a9,normal,SELECT * FROM ledger WHERE id=?,TCP,41.203.179.109,37075,2026-03-02T09:12:12.209431
,1632,10.20.0.10,443,"SYN,ACK,FIN",ff378631,normal,GET /api/v1/transactions HTTP/1.1,TCP,41.203.23.152,31190,2026-03-02T09:12:14.927945
,1903,10.20.0.10,443,"SYN,ACK,FIN",f3509974,normal,GET /api/v1/transactions HTTP/1.1,TCP,41.203.51.184,27155,2026-03-02T09:12:24.677302
,3826,10.20.0.10,443,"SYN,ACK,FIN",707c1f12,normal,GET /api/v1/transactions HTTP/1.1,TCP,41.203.151.72,41559,2026-03-02T09:12:26.464198
,2103,10.20.0.10,443,"SYN,ACK,FIN",f70029ac,normal,GET /api/v1/transactions HTTP/1.1,TCP,41.203.207.41,45895,2026-03-02T09:12:27.345291
,2026,10.20.0.10,5432,"SYN,ACK,FIN",08668953,normal,SELECT * FROM ledger WHERE id=?,TCP,41.203.2.195,36929,2026-03-02T09:12:27.512253
,1682,10.20.0.10,5432,"SYN,ACK,FIN",ec3d4fb9,normal,SELECT * FROM ledger WHERE id=?,TCP,41.203.174.190,61302,2026-03-02T09:12:28.823322
,1871,10.20.0.10,443,"SYN,ACK,FIN",feaa2e4e,normal,GET /api/v1/transactions HTTP/1.1,TCP,41.203.51.184,41371,2026-03-02T09:12:30.323775
,722,10.20.0.10,443,"SYN,ACK,FIN",41f3244f,normal,GET /api/v1/transactions HTTP/1.1,TCP,41.203.7.144,61287,2026-03-02T09:12:36.455097
,2279,10.20.0.10,443,"SYN,ACK,FIN",bf8177f1,normal,GET /api/v1/transactions HTTP/1.1,TCP,41.203.71.63,7652,2026-03-02T09:12:39.985550
,1984,10.20.0.10,5432,"SYN,ACK,FIN",0cdab00e,normal,SELECT * FROM ledger WHERE id=?,TCP,41.203.71.63,16969,2026-03-02T09:12:40.035924
,1775,10.20.0.10,5432,"SYN,ACK,FIN",a21939e3,normal,SELECT * FROM ledger WHERE id=?,TCP,41.203.109.9,14079,2026-03-02T09:12:40.773533
,670,10.20.0.10,443,"SYN,ACK,FIN",c77c5e63,normal,GET /api/v1/transactions HTTP/1.1,TCP,41.203.58.36,25112,2026-03-02T09:12:40.836077
,3010,10.20.0.10,5432,"SYN,ACK,FIN",1e09e772,normal,SELECT * FROM ledger WHERE id=?,TCP,41.203.7.190,28960,2026-03-02T09:12:42.568689
,3795,10.20.0.10,443,"SYN,ACK,FIN",25e6f61c,normal,GET /api/v1/transactions HTTP/1.1,TCP,41.203.88.72,43682,2026-03-02T09:12:47.513464
,3623,10.20.0.10,5432,"SYN,ACK,FIN",5f09912e,normal,SELECT * FROM ledger WHERE id=?,TCP,41.203.246.196,63508,2026-03-02T09:12:48.103156
,3008,10.20.0.10,443,"SYN,ACK,FIN",4dd1889a,normal,GET /api/v1/transactions HTTP/1.1,TCP,41.203.167.180,7535,2026-03-02T09:12:49.905174
,2558,10.20.0.10,443,"SYN,ACK,FIN",a875392b,normal,GET /api/v1/transactions HTTP/1.1,TCP,41.203.88.72,51198,2026-03-02T09:12:51.058829
,2962,10.20.0.10,443,"SYN,ACK,FIN",774ceb7d,normal,GET /api/v1/transactions HTTP/1.1,TCP,41.203.189.27,48486,2026-03-02T09:12:54.126537
,3364,10.20.0.10,443,"SYN,ACK,FIN",6a65eece,normal,GET /api/v1/transactions HTTP/1.1,TCP,41.203.2.195,19128,2026-03-02T09:12:57.624241
,1494,10.20.0.10,443,"SYN,ACK,FIN",d717c1c0,normal,GET /api/v1/transactions HTTP/1.1,TCP,41.203.167.180,42129,2026-03-02T09:12:57.822187
,204,10.20.0.10,5432,"SYN,ACK,FIN",cd031ed2,normal,SELECT * FROM ledger WHERE id=?,TCP,41.203.246.196,55086,2026-03-02T09:12:58.419526
,2406,10.20.0.10,5432,"SYN,ACK,FIN",414cc010,normal,SELECT * FROM ledger WHERE id=?,TCP,41.203.208.223,30288,2026-03-02T09:12:58.734535
,410,10.20.0.10,5432,"SYN,ACK,FIN",7c8abc4b,normal,SELECT * FROM ledger WHERE id=?,TCP,41.203.246.196,48279,2026-03-02T09:13:01.282934
,3661,10.20.0.10,443,"SYN,ACK,FIN",65d7e0b2,normal,GET /api/v1/transactions HTTP/1.1,TCP,41.203.57.115,58314,2026-03-02T09:13:02.730282
,3647,10.20.0.10,443,"SYN,ACK,FIN",481a8eb8,normal,GET /api/v1/transactions HTTP/1.1,TCP,41.203.57.115,20582,2026-03-02T09:13:03.466713
,2127,10.20.0.10,5432,"SYN,ACK,FIN",c5c25972,normal,SELECT * FROM ledger WHERE id=?,TCP,41.203.58.36,57292,2026-03-02T09:13:04.950105
,2729,10.20.0.10,5432,"SYN,ACK,FIN",6e2a9840,normal,SELECT * FROM ledger WHERE id=?,TCP,41.203.246.196,3376,2026-03-02T09:13:05.144716
,2826,10.20.0.10,443,"SYN,ACK,FIN",9738cec6,normal,GET /api/v1/transactions HTTP/1.1,TCP,41.203.2.195,4443,2026-03-02T09:13:05.701728
,3504,10.20.0.10,443,"SYN,ACK,FIN",f018f6e9,normal,GET /api/v1/transactions HTTP/1.1,TCP,41.203.58.36,55528,2026-03-02T09:13:10.849690
,934,10.20.0.10,443,"SYN,ACK,FIN",947a983f,normal,GET /api/v1/transactions HTTP/1.1,TCP,41.203.174.190,2648,2026-03-02T09:13:13.274584
,3273,10.20.0.10,443,"SYN,ACK,FIN",da9b445a,normal,GET /api/v1/transactions HTTP/1.1,TCP,41.203.71.63,17005,2026-03-02T09:13:13.468066
,3891,10.20.0.10,443,"SYN,ACK,FIN",ceeb5786,normal,GET /api/v1/transactions HTTP/1.1,TCP,41.203.179.109,31514,2026-03-02T09:13:29.017679
,2993,10.20.0.10,443,"SYN,ACK,FIN",1a6d23f5,normal,GET /api/v1/transactions HTTP/1.1,TCP,41.203.130.155,14791,2026-03-02T09:13:29.032173
,3603,10.20.0.10,5432,"SYN,ACK,FIN",a220f400,normal,SELECT * FROM ledger WHERE id=?,TCP,41.203.109.9,10680,2026-03-02T09:13:34.775588
,2511,10.20.0.10,443,"SYN,ACK,FIN",2544e19c,normal,GET /api/v1/transactions HTTP/1.1,TCP,41.203.2.195,39814,2026-03-02T09:13:36.235976
,782,10.20.0.10,443,"SYN,ACK,FIN",1804cd07,normal,GET /api/v1/transactions HTTP/1.1,TCP,41.203.207.41,55198,2026-03-02T09:13:37.570301
,2859,10.20.0.10,5432,"SYN,ACK,FIN",aeade652,normal,SELECT * FROM ledger WHERE id=?,TCP,41.203.71.63,20828,2026-03-02T09:13:38.448875
,2234,10.20.0.10,443,"SYN,ACK,FIN",87e0df7e,normal,GET /api/v1/transactions HTTP/1.1,TCP,41.203.179.109,49859,2026-03-02T09:13:39.555258
,2173,10.20.0.10,443,"SYN,ACK,FIN",5f3cdf2a,normal,GET /api/v1/transactions HTTP/1.1,TCP,41.203.174.190,62902,2026-03-02T09:13:42.644058
,2852,10.20.0.10,443,"SYN,ACK,FIN",ce6089fa,normal,GET /api/v1/transactions HTTP/1.1,TCP,41.203.2.195,15531,2026-03-02T09:13:43.730318
,2597,10.20.0.10,5432,"SYN,ACK,FIN",e6f39738,normal,SELECT * FROM ledger WHERE id=?,TCP,41.203.57.115,12918,2026-03-02T09:13:44.465509
,225,10.20.0.10,443,"SYN,ACK,FIN",1841ea1e,normal,GET /api/v1/transactions HTTP/1.1,TCP,41.203.246.196,24028,2026-03-02T09:13:49.383769
,3440,10.20.0.10,443,"SYN,ACK,FIN",5a5feca0,normal,GET /api/v1/transactions HTTP/1.1,TCP,41.203.179.109,52655,2026-03-02T09:13:51.519940
,3741,10.20.0.10,443,"SYN,ACK,FIN",80d866ad,normal,GET /api/v1/transactions HTTP/1.1,TCP,41.203.51.184,16538,2026-03-02T09:13:53.187440
,1168,10.20.0.10,443,"SYN,ACK,FIN",06789805,normal,GET /api/v1/transactions HTTP/1.1,TCP,41.203.164.29,56644,2026-03-02T09:13:53.730285
,2974,10.20.0.10,443,"SYN,ACK,FIN",7b5b139c,normal,GET /api/v1/transactions HTTP/1.1,TCP,41.203.58.36,38759,2026-03-02T09:13:55.998452
,418,10.20.0.10,443,"SYN,ACK,FIN",4a5b7755,normal,GET /api/v1/transactions HTTP/1.1,TCP,41.203.167.180,28214,2026-03-02T09:13:57.424734
,2284,10.20.0.10,5432,"SYN,ACK,FIN",7b73ecbc,normal,SELECT * FROM ledger WHERE id=?,TCP,41.203.189.27,20151,2026-03-02T09:13:59.387754
,972,10.20.0.10,5432,"SYN,ACK,FIN",55ece5fb,normal,SELECT * FROM ledger WHERE id=?,TCP,41.203.7.144,58014,2026-03-02T09:13:59.567030
,1294,10.20.0.10,443,"SYN,ACK,FIN",90b64a40,normal,GET /api/v1/transactions HTTP/1.1,TCP,41.203.51.184,34299,2026-03-02T09:14:00.823554
,2943,10.20.0.10,443,"SYN,ACK,FIN",2df37803,normal,GET /api/v1/transactions HTTP/1.1,TCP,41.203.208.223,14410,2026-03-02T09:14:01.235632
,1283,10.20.0.10,443,"SYN,ACK,FIN",ecde0338,normal,GET /api/v1/transactions HTTP/1.1,TCP,41.203.179.109,9824,2026-03-02T09:14:05.037004
,3792,10.20.0.10,443,"SYN,ACK,FIN",8c490d15,normal,GET /api/v1/transactions HTTP/1.1,TCP,41.203.151.72,8583,2026-03-02T09:14:05.313426
,667,10.20.0.10,443,"SYN,ACK,FIN",b472224a,normal,GET /api/v1/transactions HTTP/1.1,TCP,41.203.7.190,32332,2026-03-02T09:14:06.957237
,511,10.20.0.10,5432,"SYN,ACK,FIN",223c5f26,normal,SELECT * FROM ledger WHERE id=?,TCP,41.203.7.144,14021,2026-03-02T09:14:07.323539
,2411,10.20.0.10,5432,"SYN,ACK,FIN",34a72fae,normal,SELECT * FROM ledger WHERE id=?,TCP,41.203.8.24,33822,2026-03-02T09:14:08.408617
,762,10.20.0.10,443,"SYN,ACK,FIN",9bd6907f,normal,GET /api/v1/transactions HTTP/1.1,TCP,41.203.229.140,51313,2026-03-02T09:14:10.791679
,3545,10.20.0.10,443,"SYN,ACK,FIN",1bddff12,normal,GET /api/v1/transactions HTTP/1.1,TCP,41.203.51.184,15575,2026-03-02T09:14:11.771937
,3608,10.20.0.10,5432,"SYN,ACK,FIN",e616a916,normal,SELECT * FROM ledger WHERE id=?,TCP,41.203.58.36,43472,2026-03-02T09:14:12.354668
,2762,10.20.0.10,443,"SYN,ACK,FIN",86872bdf,normal,GET /api/v1/transactions HTTP/1.1,TCP,41.203.2.195,14641,2026-03-02T09:14:12.831180
,954,10.20.0.10,22,"SYN,ACK,FIN",83066d75,normal,SSH-2.0-OpenSSH_login_success,TCP,10.20.0.5,25404,2026-03-02T09:14:13.941176
,2012,10.20.0.10,443,"SYN,ACK,FIN",3f6cae61,normal,GET /api/v1/transactions HTTP/1.1,TCP,41.203.57.115,59444,2026-03-02T09:14:15.035648
,3676,10.20.0.10,443,"SYN,ACK,FIN",484438da,normal,GET /api/v1/transactions HTTP/1.1,TCP,41.203.130.155,10381,2026-03-02T09:14:17.510457
,3980,10.20.0.10,443,"SYN,ACK,FIN",dfdd25d8,normal,GET /api/v1/transactions HTTP/1.1,TCP,41.203.109.9,46035,2026-03-02T09:14:18.233266
,3143,10.20.0.10,5432,"SYN,ACK,FIN",63214963,normal,SELECT * FROM ledger WHERE id=?,TCP,41.203.179.109,42101,2026-03-02T09:14:18.725633
,3687,10.20.0.10,443,"SYN,ACK,FIN",8dd9d236,normal,GET /api/v1/transactions HTTP/1.1,TCP,41.203.174.190,6274,2026-03-02T09:14:24.701013
,1017,10.20.0.10,5432,"SYN,ACK,FIN",68b64c83,normal,SELECT * FROM ledger WHERE id=?,TCP,41.203.57.115,54559,2026-03-02T09:14:29.641338
,1625,10.20.0.10,5432,"SYN,ACK,FIN",9531e47b,normal,SELECT * FROM ledger WHERE id=?,TCP,41.203.51.184,31826,2026-03-02T09:14:32.149712
,1367,10.20.0.10,443,"SYN,ACK,FIN",627c6d14,normal,GET /api/v1/transactions HTTP/1.1,TCP,41.203.130.155,41039,2026-03-02T09:14:32.629743
,931,10.20.0.10,443,"SYN,ACK,FIN",4632a70e,normal,GET /api/v1/transactions HTTP/1.1,TCP,41.203.40.56,50959,2026-03-02T09:14:34.699289
,522,10.20.0.10,443,"SYN,ACK,FIN",c18ddf01,normal,GET /api/v1/transactions HTTP/1.1,TCP,41.203.151.72,25831,2026-03-02T09:14:35.804188
,995,10.20.0.10,443,"SYN,ACK,FIN",b7ad86d0,normal,GET /api/v1/transactions HTTP/1.1,TCP,41.203.109.9,55591,2026-03-02T09:14:42.459567
,3261,10.20.0.10,5432,"SYN,ACK,FIN",21cf88e0,normal,SELECT * FROM ledger WHERE id=?,TCP,41.203.207.41,17647,2026-03-02T09:14:42.935480
,231,10.20.0.10,5432,"SYN,ACK,FIN",81a4cb74,normal,SELECT * FROM ledger WHERE id=?,TCP,41.203.23.152,4614,2026-03-02T09:14:46.001092
,1153,10.20.0.10,443,"SYN,ACK,FIN",4769be1f,normal,GET /api/v1/transactions HTTP/1.1,TCP,41.203.23.152,57078,2026-03-02T09:14:46.699369
,1226,10.20.0.10,443,"SYN,ACK,FIN",8cd28f40,normal,GET /api/v1/transactions HTTP/1.1,TCP,41.203.109.9,36427,2026-03-02T09:14:48.774574
,2341,10.20.0.10,5432,"SYN,ACK,FIN",f31583b2,normal,SELECT * FROM ledger WHERE id=?,TCP,41.203.23.152,35369,2026-03-02T09:14:51.887420
,289,10.20.0.10,443,"SYN,ACK,FIN",c4ed47fe,normal,GET /api/v1/transactions HTTP/1.1,TCP,41.203.208.223,20372,2026-03-02T09:14:53.422839
,2485,10.20.0.10,443,"SYN,ACK,FIN",015faa9f,normal,GET /api/v1/transactions HTTP/1.1,TCP,41.203.8.24,8786,2026-03-02T09:14:54.526310
,3564,10.20.0.10,443,"SYN,ACK,FIN",02f276c1,normal,GET /api/v1/transactions HTTP/1.1,TCP,41.203.23.152,45082,2026-03-02T09:14:59.615175
